0,0,0.00146113,0
0.0066137314,0,0.00146113,0
0.0167810917,0,0.00146113,0
0.0266599655,0,0.00146113,0
0.0366487503,0,0.00146113,0
0.0469517708,0,0.00146113,0
0.0567421913,0,0.00146113,0
0.0668632984,0,0.00146113,0
0.0768823624,0,0.00146113,0
0.0870566368,0,0.00146113,0
0.0968692303,0,0.00146113,0
0.1067917347,0,0.00146113,0
0.1169698238,0,0.00146113,0
0.1272079945,0,0.00146113,0
0.1368041039,0,0.00146113,0
0.1473033428,0,-0.0016823532,0
0.1568870544,0,-0.0016823532,0
0.1667556763,0,0.0002789175,0
0.1768167019,0,0.0002789175,0
0.1867179871,0,-0.0005485554,0
0.1969299316,0,-0.0005485554,0
0.2067787647,0,0.0010390247,0
0.2167565823,0,0.0010390247,0
0.2267212868,0,-0.0015787994,0
0.2371189594,0,-0.0015787994,0
0.2470707893,0,0.0010284716,0
0.2568693161,0,0.0010284716,0
0.2667899132,0,0.0010284716,0
0.2768313885,0,-0.0004097825,0
0.2867166996,0,-0.0004097825,0
0.2968361378,0,-9.69696775428019E-005,0
0.3067305088,0,-9.69696775428019E-005,0
0.316763401,0,-0.000348597,0
0.326767683,0,-0.000348597,0
0.3368594646,0,-0.0001758755,0
0.3468167782,0,-0.0001758755,0
0.3572368622,0,0.0005204681,0
0.366758585,0,0.0005204681,0
0.3768901825,0,0.0020154731,0
0.3870415688,0,0.0020154731,0
0.3969676495,0,-0.0015465145,0
0.4068174362,0,-0.0015465145,0
0.4173533916,0,0.0004871765,0
0.427302599,0,0.0004871765,0
0.4368207455,0,-0.0006525308,0
0.4469878674,0,-0.0006525308,0
0.4567172527,0,0.0010977533,0
0.4669167995,0,0.0010977533,0
0.47737813,0,0.0005843585,0
0.4867756367,0,0.0005843585,0
0.4969375134,0,0.0005843585,0
0.5068371296,0,-0.001407353,0
0.516793251,0,-0.001407353,0
0.5272912979,0,-0.0001421534,0
0.5376169682,0,-0.0001421534,0
0.5467300415,0,0.0015156574,0
0.5569229126,0,0.0015156574,0
0.5672466755,0,0.0016478457,0
0.5767614841,0,0.0016478457,0
0.5872526169,0,-0.0007502859,0
0.596763134,0,-0.0007502859,0
0.6073334217,0,-0.0005852981,0
0.6173205376,0,-0.0005852981,0
0.6273174286,0,-0.0003116075,0
0.6368625164,0,-0.0003116075,0
0.6471312046,0,1.50555215441273E-005,0
0.6569449902,0,1.50555215441273E-005,0
0.6668643951,0,-0.0015461432,0
0.6768097878,0,-0.0015461432,0
0.6869752407,0,0.0005491519,0
0.696703434,0,0.0005491519,0
0.7073612213,0,-0.000608317,0
0.7167451382,0,-0.000608317,0
0.7272024155,0,-0.000608317,0
0.7370378971,0,0.0016747863,0
0.7472214699,0,0.0016747863,0
0.7566838264,0,0.0005518724,0
0.7668807507,0,0.0005518724,0
0.7767832279,0,-0.0001619758,0
0.7868366241,0,-0.0001619758,0
0.7973151207,0,-0.0005901433,0
0.8068914413,0,-0.0005901433,0
0.8172054291,0,0.0007859474,0
0.8269474506,0,0.0007859474,0
0.8376100063,0,-4.74105472676456E-005,0
0.8467669487,0,-4.74105472676456E-005,0
0.8574945927,0,0.0014726256,0
0.8672144413,0,0.0014726256,0
0.8767726421,0,-0.0009693454,0
0.8874030113,0,-0.0009693454,0
0.896873951,0,-0.000007214,0
0.9067399502,0,-0.000007214,0
0.9168584347,0,0.0007126745,0
0.9268300533,0,0.0007126745,0
0.9367115498,0,0.0007126745,0
0.946731329,0,-0.0002505021,0
0.9567549229,0,-0.0002505021,0
0.9669623375,0,-0.0010018898,0
0.9769079685,0,-0.0010018898,0
0.9869227409,0,-0.0013877403,0
0.9967916012,0,-0.0013877403,0
1.0068471432,0,0.0003863681,0
1.0173387527,0,0.0003863681,0
1.0274274349,0,0.0004870316,0
1.0369184017,0,0.0004870316,0
1.0474278927,0,0.0018125369,0
1.0569086075,0,0.0018125369,0
1.066889286,0,0.0022336368,0
1.0766685009,0,0.0022336368,0
1.0867509842,0,0.0014765919,0
1.0969109535,0,0.0014765919,0
1.1067817211,0,-0.0020520487,0
1.1167235374,0,-0.0020520487,0
1.1268155575,0,-0.0012431146,0
1.136785984,0,-0.0012431146,0
1.1466178894,0,-0.0002340244,0
1.1568570137,0,-0.0002340244,0
1.1667106152,0,-0.0002340244,0
1.1766262054,0,-0.000118107,0
1.1869409084,0,-0.000118107,0
1.1970150471,0,0.0005897065,0
1.2068519592,0,0.0005897065,0
1.2168850899,0,-0.0003311653,0
1.2268507481,0,-0.0003311653,0
1.2369453907,0,-0.0015940606,0
1.2469549179,0,-0.0015940606,0
1.257589817,0,-0.0009704771,0
1.2668688297,0,-0.0009704771,0
1.2768411636,0,0.0013594511,0
1.2865738869,0,0.0013594511,0
1.2969334126,0,0.0006520496,0
1.3068187237,0,0.0006520496,0
1.316757679,0,-0.0003548181,0
1.3266830444,0,-0.0003548181,0
1.3368144035,0,-0.0001131305,0
1.3467900753,0,-0.0001131305,0
1.3567676544,0,0.0023682541,0
1.366676569,0,0.0023682541,0
1.3768482208,0,0.0023682541,0
1.3869709969,0,-0.0017438582,0
1.39757514,0,-0.0017438582,0
1.4066970348,0,-0.0002348725,0
1.4168608189,0,-0.0002348725,0
1.4268081188,0,-0.0006507883,0
1.4367527962,0,-0.0006507883,0
1.4471600056,0,0.0009657293,0
1.456725359,0,0.0009657293,0
1.4668426514,0,0.0001991231,0
1.476783514,0,0.0001991231,0
1.4868385792,0,0.0004994318,0
1.4974939823,0,0.0004994318,0
1.5072927475,0,-0.0002907236,0
1.5168902874,0,-0.0002907236,0
1.5271368027,0,-0.0001859117,0
1.5374603271,0,-0.0001859117,0
1.5466995239,0,0.0003608352,0
1.5574190617,0,0.0003608352,0
1.5673236847,0,-0.0009218553,0
1.5768442154,0,-0.0009218553,0
1.5875511169,0,-0.0004952188,0
1.5968282223,0,-0.0004952188,0
1.6071197987,0,-0.0004952188,0
1.6168510914,0,0.0006631367,0
1.6271398067,0,0.0006631367,0
1.6367485523,0,-0.000345274,0
1.6470451355,0,-0.000345274,0
1.6569223404,0,0.0002294502,0
1.6668951511,0,0.0002294502,0
1.6768229008,0,0.0001714654,0
1.6875505447,0,0.0001714654,0
1.6970715523,0,-0.0016067277,0
1.7067346573,0,-0.0016067277,0
1.717000246,0,-0.0034578044,0
1.7271945477,0,-0.0034578044,0
1.7366797924,0,0.0012990594,0
1.7467930317,0,0.0012990594,0
1.7566792965,0,0.0008762858,0
1.7673127651,0,0.0008762858,0
1.776920557,0,0.0003332332,0
1.7870180607,0,0.0003332332,0
1.7967219353,0,-0.002307164,0
1.8066914082,9.8177729926,-0.002307164,1.3987742348
1.8171100616,9.8177729926,0.0013553874,1.3989070423
1.8267002106,9.8177729926,0.0013553874,1.3993443654
1.8366878033,9.8177729926,0.0013553874,1.3996415845
1.8473975658,8.1549508855,-7.99381159595214E-005,1.494580832
1.8566913605,8.1549508855,-7.99381159595214E-005,2.0424917077
1.8671481609,8.1549508855,0.0007260487,2.9603765315
1.8771748543,8.1549508855,0.0007260487,-3.1278608895
1.8869740963,8.1549508855,-0.0016845104,-3.0111553701
1.89696455,6.6599948001,-0.0016845104,1.4481288973
1.9071128368,6.6599948001,-0.0019110941,1.4672481119
1.9169199467,6.6599948001,-0.0019110941,1.4778461204
1.9266991615,6.6599948001,0.0007542714,1.4893974954
1.9370439053,6.6599948001,0.0007542714,1.502198331
1.9469881058,5.3703337696,0.0015466661,1.5499814645
1.956589222,5.3703337696,0.0015466661,1.8653909868
1.9673268795,5.3703337696,0.0006259736,1.9556398908
1.9768724442,5.3703337696,0.0006259736,2.0757503102
1.9867715836,5.3703337696,-0.0020175923,2.0757503102
1.9967834949,4.3223566451,-0.0020175923,1.2083960756
2.0069487095,4.3223566451,-0.0012099127,0.9638111086
2.0166962147,4.3223566451,-0.0012099127,0.5374763702
2.0267090797,4.3223566451,0.0007332723,0.3832121195
2.0367572308,3.4232398038,0.0007332723,1.4464368618
2.0467867851,3.4232398038,0.0007332723,1.4450036001
2.0569741726,3.4232398038,0.0004459802,1.4395252979
2.0674290657,3.4232398038,0.0004459802,1.4346430376
2.0768105984,3.4232398038,-0.0001690605,1.4273331441
2.0868368149,2.7398967358,-0.0001690605,1.4885018677
2.0969414711,2.7398967358,0.00307035,1.4991056554
2.10668993,2.7398967358,0.00307035,1.5157485427
2.1167988777,2.7398967358,0.0011980286,1.5214439654
2.1266822815,2.7398967358,0.0011980286,1.525274586
2.1366620064,2.1553141444,-0.001416427,1.4886283872
2.1468424797,2.1553141444,-0.001416427,1.4854072753
2.156733036,2.1553141444,-0.0011084549,1.4835582813
2.1673538685,2.1553141444,-0.0011084549,1.4799000572
2.1767287254,2.1553141444,0.0022549145,1.4799000572
2.187012434,1.6920487828,0.0022549145,1.4717946452
2.1970057487,1.6920487828,-0.0014340989,1.4585283508
2.2069666386,1.6920487828,-0.0014340989,1.4393256752
2.2167699337,1.6920487828,-0.0010005913,1.4323408328
2.2270195484,1.3278664468,-0.0010005913,1.4884724259
2.2371582985,1.3278664468,-0.0004855242,1.4848338063
2.2467508316,1.3278664468,-0.0004855242,1.4818701171
2.2569146156,1.3278664468,0.0020220003,1.4775267771
2.2667448521,1.3278664468,0.0020220003,1.4759654768
2.276902914,1.041331333,0.0020220003,1.4885788076
2.2868282795,1.041331333,0.0006530741,1.4955890233
2.2971954346,1.041331333,0.0006530741,1.5125199064
2.3067018986,1.041331333,0.0017313663,1.5229025021
2.3167083263,1.041331333,0.0017313663,1.5350222043
2.3267874718,0.8164640703,0.0003093464,1.488636521
2.3368473053,0.8164640703,0.0003093464,1.4960978261
2.3468506336,0.8164640703,0.0011794547,1.4995163846
2.3567476273,0.8164640703,0.0011794547,1.5055611748
2.3674452305,0.8164640703,-0.0010864594,1.5055611748
2.3768293858,0.6461266913,-0.0010864594,1.5185285593
2.3866209984,0.6461266913,-0.0009575551,1.5423589503
2.397289753,0.6461266913,-0.0009575551,1.5865038493
2.4072024822,0.6461266913,-0.0002571172,1.6066671228
2.416819334,0.6461266913,-0.0002571172,1.6066671228
2.4267342091,0.5122370012,0.0004444815,1.4713340968
2.4367551804,0.5122370012,0.0004444815,1.4517604096
2.4468519688,0.5122370012,0.0003162603,1.4065336165
2.4568367004,0.5122370012,0.0003162603,1.3811757145
2.4667725563,0.445818131,-0.0011032569,1.4733421096
2.4770309925,0.445818131,-0.0011032569,1.4653516419
2.4872715473,0.445818131,-0.000106054,1.4524923968
2.4968225956,0.445818131,-0.000106054,1.4475518362
2.5069181919,0.445818131,-0.000106054,1.4435571315
2.516793251,0.377821541,-0.000309928,1.4283566279
2.5267534256,0.377821541,-0.000309928,1.4241539803
2.5374686718,0.377821541,0.0040628863,1.4231183308
2.547334671,0.377821541,0.0040628863,1.4231234184
2.5569512844,0.377821541,0.0133096538,1.4231234184
2.5669746399,0.3692352655,0.0133096538,1.460722192
2.5765936375,0.3692352655,0.0185538344,1.4765882416
2.5872716904,0.3692352655,0.0185538344,1.4861811341
2.5975143909,0.3692352655,0.0193684567,1.5077442656
2.6068305969,0.3692352655,0.0193684567,1.5077442656
2.6170876026,0.3067772419,0.0213546511,1.4832773088
2.6271471977,0.3067772419,0.0213546511,1.4903532553
2.6368319988,0.3067772419,0.0210998878,1.5064536811
2.6475014687,0.3067772419,0.0210998878,1.5154295717
2.6569979191,0.3403347449,0.0231005866,1.517812539
2.6673722267,0.3403347449,0.0231005866,1.5217003299
2.6768298149,0.3403347449,0.021924777,1.5228560512
2.6870214939,0.3403347449,0.021924777,1.5200700277
2.6969368458,0.3403347449,0.0185960084,1.5150688068
2.7071039677,0.2932648019,0.0185960084,1.4849876943
2.7169549465,0.2932648019,0.0185960084,1.4718954563
2.7268269062,0.2932648019,0.0212628301,1.4463918528
2.7374970913,0.2932648019,0.0212628301,1.4343980302
2.7470450401,0.2932648019,0.0182855893,1.4231879559
2.7577123642,0.2637318653,0.0182855893,1.5224653069
2.7669723034,0.2637318653,0.0190036297,1.530304628
2.7769711018,0.2637318653,0.0190036297,1.5321100946
2.7868256569,0.2637318653,0.0178162605,1.5314186032
2.7970094681,0.2637318653,0.0178162605,1.5314186032
2.8071246147,0.2412221185,0.0189169552,1.4905673521
2.8169128895,0.2412221185,0.0189169552,1.489297184
2.8267982006,0.2412221185,0.0147244688,1.4906695278
2.8368885517,0.2412221185,0.0147244688,1.4934362896
2.8469061852,0.2412221185,0.0133121433,1.4934362896
2.8573102951,0.2022341669,0.0133121433,1.4726466175
2.867446661,0.2022341669,0.0111316051,1.469261449
2.8769147396,0.2022341669,0.0111316051,1.4649688524
2.8869445324,0.2022341669,0.0097138556,1.4640534929
2.8972835541,0.1849726172,0.0097138556,1.4754409697
2.9071376324,0.1849726172,0.0074564633,1.4731142091
2.9168887138,0.1849726172,0.0074564633,1.4667616292
2.9267811775,0.1849726172,0.0077846195,1.4627525909
2.9367506504,0.1849726172,0.0077846195,1.45820393
2.9473946095,0.1449177121,0.0077846195,1.4755190194
2.9567615986,0.1449177121,0.0047549987,1.4740589329
2.9674527645,0.1449177121,0.0047549987,1.4727162791
2.9771237373,0.1449177121,0.0073786238,1.4688177761
2.9869582653,0.1449177121,0.0073786238,1.4688177761
2.9969062805,0.1363853761,0.0051763337,1.4827511601
3.0070955753,0.1363853761,0.0051763337,1.4834390495
3.016824007,0.1363853761,0.0054081138,1.4843423674
3.0269579887,0.1363853761,0.0054081138,1.4873437587
3.0369474888,0.1363853761,0.0043407199,1.4873437587
3.0467779636,0.1147463128,0.0043407199,1.4707288174
3.056797266,0.1147463128,0.0040873787,1.469862906
3.067002058,0.1147463128,0.0040873787,1.4696019618
3.0771234035,0.1147463128,0.0023318215,1.4701952717
3.0867836475,0.0958681023,0.0023318215,1.4664814911
3.0969042778,0.0958681023,0.0018446068,1.4677554675
3.1069083214,0.0958681023,0.0018446068,1.4703651548
3.1168851852,0.0958681023,0.0017896247,1.471640199
3.1272237301,0.0958681023,0.0017896247,1.4728579767
3.1371204853,0.0967780371,0.001020835,1.4654355175
3.1468813419,0.0967780371,0.001020835,1.4658182623
3.1568441391,0.0967780371,0.001020835,1.4680489662
3.1669991016,0.0967780371,0.0011714906,1.4699014712
3.1768434048,0.0967780371,0.0011714906,1.4722427742
3.1872181892,0.1281551623,0.0024529698,1.464505495
3.1972148418,0.1281551623,0.0024529698,1.4634599544
3.2069532871,0.1281551623,0.0022426895,1.4628195535
3.2169172764,0.1281551623,0.0022426895,1.4613364093
3.2268912792,0.1281551623,0.000557069,1.4613364093
3.2368717194,0.1161218596,0.000557069,1.4834548381
3.2470674515,0.1161218596,0.000911553,1.4865880633
3.2573647499,0.1161218596,0.000911553,1.4941901521
3.2672150135,0.1161218596,0.000955491,1.4986403979
3.2778439522,0.1066914112,0.000955491,1.4645736717
3.2872359753,0.1066914112,0.0008298171,1.4640892171
3.2968568802,0.1066914112,0.0008298171,1.4632412747
3.3070836067,0.1066914112,-0.0009080775,1.4605097503
3.3167252541,0.1066914112,-0.0009080775,1.4586596216
3.3267791271,0.083675963,0.0033234495,1.4644508578
3.3367905617,0.083675963,0.0033234495,1.4609954588
3.3467671871,0.083675963,0.002016311,1.4533876867
3.357064724,0.083675963,0.002016311,1.449298734
3.3674042225,0.083675963,0.0008480902,1.4450637935
3.3769049644,0.0736734168,0.0008480902,1.4702071376
3.386711359,0.0736734168,0.0008480902,1.4692212491
3.3967072964,0.0736734168,-0.0010445646,1.4684935615
3.407520771,0.0736734168,-0.0010445646,1.4666440748
3.4170143604,0.0736734168,-0.0002874767,1.4666440748
3.4266693592,0.090464582,-0.0002874767,1.4545898529
3.4369060993,0.090464582,4.38691240560729E-005,1.4522962003
3.4467623234,0.090464582,4.38691240560729E-005,1.4515270776
3.456870079,0.090464582,0.0023088746,1.4507528041
3.4668605328,0.090464582,0.0023088746,1.4507528041
3.4773108959,0.0917955216,0.0018033268,1.4695686667
3.487205267,0.0917955216,0.0018033268,1.4715418763
3.496976614,0.0917955216,7.26535727153532E-005,1.4745505286
3.5068700314,0.0917955216,7.26535727153532E-005,1.4755591428
3.5170350075,0.0822230882,0.0005886554,1.4732652205
3.5273625851,0.0822230882,0.0005886554,1.4746620809
3.5374336243,0.0822230882,-0.0014654603,1.4764234808
3.547118187,0.0822230882,-0.0014654603,1.4767911298
3.5576138496,0.0822230882,0.0015334381,1.476823315
3.5668132305,0.0717265111,0.0015334381,1.4644437238
3.5769586563,0.0717265111,0.0014545517,1.4586007625
3.5875945091,0.0717265111,0.0014545517,1.4560391831
3.5969016552,0.0717265111,0.0014545517,1.4537544139
3.6074984074,0.0717265111,-0.0006283642,1.4517727478
3.6168274879,0.0609082593,-0.0006283642,1.4672600793
3.6268372536,0.0609082593,-0.0014321698,1.4701194337
3.6366848946,0.0609082593,-0.0014321698,1.4720631182
3.646941185,0.0609082593,0.0008702095,1.4769088937
3.656971693,0.0609082593,0.0008702095,1.4769088937
3.6670567989,0.0531863559,0.0010034002,1.4557888449
3.6768889427,0.0531863559,0.0010034002,1.4534160426
3.6867380142,0.0531863559,0.0004464776,1.4489761205
3.6973352432,0.0531863559,0.0004464776,1.4469136275
3.706941843,0.0438809874,0.005099819,1.4586333193
3.7170672417,0.0438809874,0.005099819,1.4589602979
3.7269506454,0.0438809874,0.0022760674,1.4592204697
3.7370631695,0.0438809874,0.0022760674,1.4591495832
3.7469446659,0.0438809874,0.0027015833,1.4589442114
3.7569656372,0.0791630322,0.0027015833,1.4445492356
3.7671949863,0.0791630322,0.0016001646,1.4424284595
3.777312994,0.0791630322,0.0016001646,1.4377245041
3.7877924442,0.0791630322,0.0025084454,1.435160732
3.7973184586,0.0791630322,0.0025084454,1.4324789486
3.8068463802,0.126623328,0.0044317609,1.5102941526
3.8168048859,0.126623328,0.0044317609,1.521172478
3.8267478943,0.126623328,0.0044317609,1.5269963068
3.8369395733,0.126623328,0.0070507545,1.539101391
3.8467900753,0.126623328,0.0070507545,1.539101391
3.8567979336,0.1234292227,0.007424769,1.4551159796
3.8672010899,0.1234292227,0.007424769,1.4487363467
3.87698102,0.1234292227,0.0097283693,1.4344694278
3.8868472576,0.1234292227,0.0097283693,1.4266880636
3.8970174789,0.1234292227,0.0121045802,1.4266880636
3.9068496227,0.1319723384,0.0121045802,1.4241260412
3.9173662663,0.1319723384,0.0130061731,1.4203508093
3.9267983437,0.1319723384,0.0130061731,1.4136212386
3.9377126694,0.1319723384,0.0187267177,1.410746255
3.9466686249,0.1503840804,0.0187267177,1.3995197514
3.956949234,0.1503840804,0.0228425134,1.3958057562
3.9670295715,0.1503840804,0.0228425134,1.3887706404
3.9773244858,0.1503840804,0.0294813458,1.3855091787
3.9868578911,0.1503840804,0.0294813458,1.3824573105
3.997297287,0.1916285175,0.0320436023,1.4294021248
4.0068678856,0.1916285175,0.0320436023,1.4355093174
4.0168819427,0.1916285175,0.0402894467,1.4386490064
4.0273814201,0.1916285175,0.0402894467,1.4449512548
4.0368785858,0.1916285175,0.0505707525,1.4449512548
4.0472197533,0.2406340547,0.0505707525,1.4206747001
4.0569441319,0.2406340547,0.0505707525,1.42122967
4.0669634342,0.2406340547,0.0740078241,1.4217115826
4.0775318146,0.2406340547,0.0740078241,1.4224186569
4.0868878365,0.2406340547,0.0854375511,1.4224186569
4.0969576836,0.3216642258,0.0854375511,1.3983537695
4.1067845821,0.3216642258,0.1009623334,1.3970507863
4.116797924,0.3216642258,0.1009623334,1.3944749347
4.1268196106,0.3216642258,0.114969708,1.3932137816
4.1370244026,0.3772891144,0.114969708,1.3586269735
4.1467702389,0.3772891144,0.1363840997,1.3538547708
4.1569485664,0.3772891144,0.1363840997,1.3440278017
4.1668510437,0.3772891144,0.155460462,1.3390062489
4.1767907143,0.3772891144,0.155460462,1.3339350271
4.1867134571,0.4914845182,0.1773802191,1.4197216459
4.1968166828,0.4914845182,0.1773802191,1.4244536962
4.2072787285,0.4914845182,0.1978341043,1.4335391077
4.2168216705,0.4914845182,0.1978341043,1.4378299914
4.227679491,0.4914845182,0.2227110118,1.4419122779
4.2374880314,0.5226948681,0.2227110118,1.3842730552
4.2468576431,0.5226948681,0.249264732,1.3733093042
4.25695467,0.5226948681,0.249264732,1.3679682182
4.2668635845,0.5226948681,0.249264732,1.3576442676
4.2769086361,0.5226948681,0.272988826,1.3576442676
4.2868685722,0.5364245709,0.272988826,1.2508050879
4.2970554829,0.5364245709,0.3042781651,1.2323217383
4.3075237274,0.5364245709,0.3042781651,1.1956760928
4.3168094158,0.5364245709,0.3316764832,1.1775662345
4.3271412849,0.6035947667,0.3316764832,1.1934824781
4.3371241093,0.6035947667,0.360011518,1.1841709012
4.3469743729,0.6035947667,0.360011518,1.1747850498
4.3569793701,0.6035947667,0.3888423145,1.1558354636
4.3667359352,0.6035947667,0.3888423145,1.1462941701
4.3772733212,0.6512453146,0.4207587838,1.1283939605
4.3870813847,0.6512453146,0.4207587838,1.1204474955
4.3974275589,0.6512453146,0.4507879317,1.1043304037
4.4075982571,0.6512453146,0.4507879317,1.0961810052
4.4169297218,0.6512453146,0.4824869335,1.0879850571
4.4270186424,0.7848266604,0.4824869335,1.1203346905
4.4368937016,0.7848266604,0.5176076293,1.1178097922
4.4476685524,0.7848266604,0.5176076293,1.1165480982
4.4567475319,0.7848266604,0.5443701148,1.1140276899
4.466812849,0.7848266604,0.5443701148,1.1140276899
4.4768970013,0.7819054852,0.604564786,0.9735477633
4.4868161678,0.7819054852,0.604564786,0.9531527715
4.4970991611,0.7819054852,0.604564786,0.9326262971
4.5068323612,0.7819054852,0.6323058605,0.8911841297
4.5172407627,0.7819054852,0.6323058605,0.8911841297
4.5271441936,0.8259606524,0.6567695141,0.8713443889
4.5368607044,0.8259606524,0.6567695141,0.8563594068
4.5477502346,0.8259606524,0.6806071401,0.8261368854
4.5568988323,0.8259606524,0.6806071401,0.8109067693
4.5669922829,0.8936396435,0.7095530629,0.9312679248
4.5768487453,0.8936396435,0.7095530629,0.9366309172
4.5871226788,0.8936396435,0.7371519804,0.9477981483
4.5972168446,0.8936396435,0.7371519804,0.9535674022
4.6068921089,0.8936396435,0.7581176758,0.9594350674
4.6170668602,0.8866709739,0.7581176758,0.7669812315
4.6272792816,0.8866709739,0.7797779441,0.7053853853
4.6376769543,0.8866709739,0.7797779441,0.6738855834
4.6469404697,0.8866709739,0.80558002,0.6418914448
4.6574060917,0.8866709739,0.80558002,0.6093817583
4.6668951511,0.9155177627,0.8210641146,0.7831192286
4.6773416996,0.9155177627,0.8210641146,0.7847017484
4.6871724129,0.9155177627,0.8429459333,0.7855738419
4.6968505383,0.9155177627,0.8429459333,0.7874721311
4.7068605423,0.9155177627,0.8429459333,0.7874721311
4.716850996,1.0281709777,0.8578220606,0.6370376011
4.7276580334,1.0281709777,0.8578220606,0.6208126745
4.736723423,1.0281709777,0.8757577538,0.5882228054
4.7468106747,1.0281709777,0.8757577538,0.5718574897
4.7569189072,0.9656429659,0.8875588179,0.5655182403
4.767115593,0.9656429659,0.8875588179,0.5477442483
4.7774171829,0.9656429659,0.90594697,0.5120504063
4.7868411541,0.9656429659,0.90594697,0.494128468
4.7969589233,0.9656429659,0.9125381708,0.4761550771
4.8067557812,1.0373235656,0.9125381708,0.5060241194
4.81731987,1.0373235656,0.9289813042,0.5020500838
4.8270978928,1.0373235656,0.9289813042,0.494349084
4.8368895054,1.0373235656,0.9407163262,0.4906219629
4.8474903107,1.0373235656,0.9407163262,0.4869766437
4.8573482037,1.0066317008,0.9489156008,0.4628563617
4.8667619228,1.0066317008,0.9489156008,0.4455760804
4.8774220943,1.0066317008,0.9554484487,0.4369917831
4.8868727684,1.0066317008,0.9554484487,0.4199427299
4.8975815773,1.0066317008,0.9698973298,0.4199427299
4.9074854851,1.0271021366,0.9698973298,0.443345551
4.9170014858,1.0271021366,0.9752856493,0.440654048
4.9268443584,1.0271021366,0.9752856493,0.4354865274
4.9368903637,1.0271021366,0.9752856493,0.4330130162
4.9473862648,1.089275293,0.9754120708,0.5028452249
4.9576880932,1.089275293,0.9754120708,0.5104096507
4.9674026966,1.089275293,0.9803817868,0.5179735768
4.9770598412,1.089275293,0.9803817868,0.5330161312
4.9872021675,1.089275293,0.9877914786,0.5404526827
4.9972424507,1.0138543342,0.9877914786,0.3825762741
5.0069746971,1.0138543342,0.9869669676,0.3570952097
5.0169911385,1.0138543342,0.9869669676,0.3058668495
5.0269665718,1.0138543342,0.9846672416,0.280130532
5.0371022224,1.0138543342,0.9846672416,0.2543202761
5.0470197201,0.9295891022,0.991151154,0.3290676322
5.0570909977,0.9295891022,0.991151154,0.305804688
5.0673816204,0.9295891022,0.9905044436,0.2941493517
5.0768487453,0.9295891022,0.9905044436,0.2707892267
5.0869138241,0.9295891022,0.9902430177,0.2707892267
5.0969538689,1.0629413639,0.9902430177,0.2735512298
5.1068043709,1.0629413639,0.9897784591,0.2653664314
5.11682868,1.0629413639,0.9897784591,0.2613711743
5.1271383762,1.0629413639,0.9918460846,0.2535757804
5.1368525028,1.0629413639,0.9918460846,0.2535757804
5.1469087601,0.98736562,0.9877786636,0.1090416598
5.1569657326,0.98736562,0.9877786636,0.0729697886
5.1668481827,0.98736562,0.9877786636,-0.0015137619
5.177434206,0.98736562,0.9863099456,-0.039922325
5.1868681908,1.0231842259,0.9863099456,0.094506927
5.197114706,1.0231842259,0.9864004254,0.0872488185
5.2072248459,1.0231842259,0.9864004254,0.0728997404
5.2171220779,1.0231842259,0.9828523397,0.0658091937
5.2269454002,1.0231842259,0.9828523397,0.0587749397
5.2368631363,1.0270070576,0.9821357131,0.1100510184
5.2469084263,1.0270070576,0.9821357131,0.1132429075
5.2574589252,1.0270070576,0.9813041687,0.1201600198
5.2668042183,1.0270070576,0.9813041687,0.1238887558
5.2768843174,1.0270070576,0.9796363115,0.1277997298
5.286866188,1.0218155049,0.9796363115,-0.018346187
5.2969667912,1.0218155049,0.9792048335,-0.0536018371
5.3067579269,1.0218155049,0.9792048335,-0.0713000516
5.3168652058,1.0218155049,0.9789996743,-0.1068392741
5.326883316,1.0218155049,0.9789996743,-0.1068392741
5.3367877007,0.9908709201,0.9766321778,-0.0045755255
5.3469839096,0.9908709201,0.9766321778,-0.0026555283
5.3568387032,0.9908709201,0.9742121696,0.0012627319
5.3669774532,0.9908709201,0.9742121696,0.0032541127
5.3768386841,1.0947566413,0.9742121696,-0.0536323983
5.3872261047,1.0947566413,0.9748392701,-0.0604186542
5.3968086243,1.0947566413,0.9748392701,-0.0671677477
5.4069817066,1.0947566413,0.9746043086,-0.0805544178
5.4170355797,1.0947566413,0.9746043086,-0.0871919663
5.4268331528,0.9701078844,0.972311914,-0.1263891547
5.4378199577,0.9701078844,0.972311914,-0.1485573947
5.4472632408,0.9701078844,0.9691604972,-0.1921207292
5.4569706917,0.9701078844,0.9691604972,-0.2135124741
5.4670214653,0.9701078844,0.9739274979,-0.2346430356
5.4769868851,1.0540921556,0.9739274979,-0.1450260902
5.4872376919,1.0540921556,0.9677388072,-0.1453219309
5.4975342751,1.0540921556,0.9677388072,-0.1452307031
5.5070388317,1.0540921556,0.9712285399,-0.1445642362
5.5168297291,1.0540921556,0.9712285399,-0.1445642362
5.5268554688,1.0090853971,0.967823565,-0.1471004585
5.5373177528,1.0090853971,0.967823565,-0.1475278241
5.5468709469,1.0090853971,0.9723595977,-0.1478703459
5.5574710369,1.0090853971,0.9723595977,-0.1483027463
5.5669927597,1.0090853971,0.9674121737,-0.1483027463
5.5774841309,0.9897691255,0.9674121737,-0.2523291843
5.5869607925,0.9897691255,0.9740459919,-0.2679562803
5.5967321396,0.9897691255,0.9740459919,-0.2993614853
5.6068804264,0.9897691255,0.9740459919,-0.3151382054
5.6174185276,1.0882148544,0.9706586003,-0.3846711399
5.6272776127,1.0882148544,0.9706586003,-0.402743544
5.6368770599,1.0882148544,0.9690100551,-0.4389947519
5.6468417645,1.0882148544,0.9690100551,-0.4571696814
5.6567571163,1.0882148544,0.9713828564,-0.475374881
5.666857481,1.0087865332,0.9713828564,-0.3906076861
5.6770234108,1.0087865332,0.972622633,-0.4025390002
5.6869971752,1.0087865332,0.972622633,-0.4084113086
5.6971206665,1.0087865332,0.9694851041,-0.4142203798
5.7072098255,1.0087865332,0.9694851041,-0.41996545
5.7174088955,1.0149823747,0.9649715424,-0.4522126813
5.7269992828,1.0149823747,0.9649715424,-0.4708582536
5.7374887466,1.0149823747,0.9733525515,-0.48015079
5.7471926212,1.0149823747,0.9733525515,-0.4986762305
5.7571465969,1.0149823747,0.971973002,-0.4986762305
5.7668766975,1.040579457,0.971973002,-0.3930373442
5.7774407864,1.040579457,0.9740453362,-0.3834476477
5.7874693871,1.040579457,0.9740453362,-0.3642160754
5.7968671322,1.040579457,0.9763892293,-0.3546049785
5.8070361614,1.0476590666,0.9763892293,-0.5027095904
5.816808939,1.0476590666,0.9763892293,-0.5194900882
5.8274011612,1.0476590666,0.974892199,-0.5533712445
5.8373432159,1.0476590666,0.974892199,-0.5704674823
5.8468022346,1.0476590666,0.9768446684,-0.5876643387
5.8571276665,1.0253454802,0.9768446684,-0.5332142165
5.8668644428,1.0253454802,0.9803037047,-0.534778597
5.8772730827,1.0253454802,0.9803037047,-0.5377225658
5.8872187138,1.0253454802,0.9851055145,-0.5391036747
5.8969452381,1.0253454802,0.9851055145,-0.5404252663
5.9074745178,1.0304632843,0.977838397,-0.6326095491
5.917090416,1.0304632843,0.977838397,-0.6658520925
5.9268648624,1.0304632843,0.9788633585,-0.6825989442
5.9369254112,1.0304632843,0.9788633585,-0.7163314305
5.9471275806,1.0304632843,0.9836215973,-0.7163314305
5.9568092823,1.0543033782,0.9836215973,-0.669758934
5.9667584896,1.0543033782,0.9844765067,-0.6742794522
5.9770233631,1.0543033782,0.9844765067,-0.6831758574
5.9868423939,1.0543033782,0.9857363105,-0.6875519149
5.9967739582,1.0543033782,0.9857363105,-0.6875519149
6.0076253414,1.0206097542,0.9863462448,-0.7634678378
6.0170257092,1.0206097542,0.9863462448,-0.778944561
6.026753664,1.0206097542,0.9883575439,-0.8100643624
6.0372509956,1.0206097542,0.9883575439,-0.8257029966
6.04708004,1.0803746381,0.9883575439,-0.745710016
6.0568811893,1.0803746381,0.9853006005,-0.7452877049
6.0669136047,1.0803746381,0.9853006005,-0.7440886009
6.0771729946,1.0803746381,0.9884566665,-0.7433117454
6.0872561932,1.0803746381,0.9884566665,-0.7424167122
6.0968704224,1.0955530672,0.9881732464,-0.8710187068
6.107118845,1.0955530672,0.9881732464,-0.9060139348
6.1168317795,1.0955530672,0.9879826307,-0.9237065521
6.127363205,1.0955530672,0.9879826307,-0.9594794313
6.1372003555,1.0955530672,0.9876800179,-0.9594794313
6.1471273899,1.0795281766,0.9876800179,-0.8573427643
6.1569135189,1.0795281766,0.9852269292,-0.8521416829
6.1669120789,1.0795281766,0.9852269292,-0.8493726777
6.1767702103,1.0795281766,0.9909213781,-0.8435050346
6.1867740154,1.0795281766,0.9909213781,-0.8435050346
6.1967647076,1.0454344488,0.9938616157,-0.9543940709
6.2067298889,1.0454344488,0.9938616157,-0.9694514507
6.2168502808,1.0454344488,0.99320364,-0.9996188073
6.2269470692,1.0454344488,0.99320364,-1.0147239445
6.2367219925,1.0411269672,0.995347023,-0.98851165
6.2475628853,1.0411269672,0.995347023,-0.9950086669
6.2569394112,1.0411269672,0.9908307791,-1.0078959485
6.2667753696,1.0411269672,0.9908307791,-1.0142868041
6.2768230438,1.0411269672,0.9908307791,-1.0206428604
6.2868745327,1.0701254549,0.9911069274,-1.032533206
6.2971131802,1.0701254549,0.9911069274,-1.0369977476
6.3071665764,1.0701254549,0.9929872155,-1.0458146325
6.3175327778,1.0701254549,0.9929872155,-1.0501675004
6.3267331123,1.0701254549,0.9922235012,-1.0544836641
6.3367860317,1.0255050992,0.9922235012,-1.0635819775
6.3474786282,1.0255050992,0.9954192042,-1.0771481852
6.3568584919,1.0255050992,0.9954192042,-1.0839134313
6.3669312,1.0255050992,0.9960688353,-1.0974084559
6.3774082661,1.0255050992,0.9960688353,-1.0974084559
6.386762619,1.0086147228,0.9962698817,-1.1151486539
6.3969771862,1.0086147228,0.9962698817,-1.1231379747
6.4069149494,1.0086147228,0.9982779026,-1.1391180017
6.4168961048,1.0086147228,0.9982779026,-1.1471088849
6.4271812439,1.0991374407,0.9934809804,-1.2367581888
6.436994791,1.0991374407,0.9934809804,-1.2527147928
6.4471786022,1.0991374407,0.9986671805,-1.2687016983
6.457044363,1.0991374407,0.9986671805,-1.3007551109
6.4671587944,1.0991374407,1.0007677078,-1.3168159233
6.4769306183,1.0514820281,1.0007677078,-1.2421929809
6.4867916107,1.0514820281,1.0007677078,-1.2421141251
6.4969446659,1.0514820281,0.9997424483,-1.2417755028
6.5069515705,1.0514820281,0.9997424483,-1.2415190886
6.5169713497,1.0514820281,1.0014313459,-1.2412069189
6.5270106792,1.0795659875,1.0014313459,-1.2899080554
6.5370500088,1.0795659875,1.001986742,-1.299154016
6.546849966,1.0795659875,1.001986742,-1.3037114814
6.5570225716,1.0795659875,1.0062422752,-1.3126945761
6.5669102669,1.0795659875,1.0062422752,-1.3126945761
6.5768985748,1.1328932065,1.0089994669,-1.3426919022
6.586742878,1.1328932065,1.0089994669,-1.3468030881
6.5969049931,1.1328932065,1.0086140633,-1.3508691723
6.6068921089,1.1328932065,1.0086140633,-1.3588658866
6.6168272495,1.1328932065,1.0094333887,-1.3588658866
6.6273369789,1.0220297692,1.0094333887,-1.4253524151
6.6368358135,1.0220297692,1.0057171583,-1.4428231393
6.6472365856,1.0220297692,1.0057171583,-1.4783113684
6.6565861702,1.0220297692,1.0075216293,-1.4963283352
6.6668562889,1.0377349093,1.0075216293,-1.3735349503
6.6774022579,1.0377349093,1.0042892694,-1.3684119519
6.6872889996,1.0377349093,1.0042892694,-1.3578191682
6.6974890232,1.0377349093,1.0082252026,-1.3523524162
6.7069380283,1.0377349093,1.0082252026,-1.3467742919
6.7172036171,1.0122208246,1.0082252026,-1.4803085056
6.7266738415,1.0122208246,1.0088438988,-1.4998072533
6.7375018597,1.0122208246,1.0088438988,-1.5393272866
6.746907711,1.0122208246,1.0072929859,-1.5593396486
6.7568054199,1.0122208246,1.0072929859,-1.5795137084
6.7667138577,1.0476159297,1.0070413351,-1.5368844492
6.7773509026,1.0476159297,1.0070413351,-1.5543835727
6.7870361805,1.0476159297,1.0083606243,-1.5631456092
6.7973079681,1.0476159297,1.0083606243,-1.5806944818
6.8076908588,1.0476159297,1.0048736334,-1.5806944818
6.8167421818,1.0216170613,1.0048736334,-1.5732161283
6.8273184299,1.0216170613,1.0072748661,-1.5789313397
6.8369088173,1.0216170613,1.0072748661,-1.5902850409
6.8468394279,1.0216170613,1.0050406456,-1.5959233993
6.8568003178,1.008481193,1.0050406456,-1.625484827
6.8669300079,1.008481193,1.0112287998,-1.6356336028
6.8767533302,1.008481193,1.0112287998,-1.6560274077
6.887475729,1.008481193,1.0052615404,-1.6662720845
6.8973770142,1.008481193,1.0052615404,-1.6765483624
6.9070940018,0.9904790935,1.0032427311,-1.6132978306
6.9172558784,0.9904790935,1.0032427311,-1.6108333739
6.9276545048,0.9904790935,1.0023913383,-1.6055573837
6.9369175434,0.9904790935,1.0023913383,-1.6027477574
6.9468171597,0.9904790935,1.0023913383,-1.5998251173
6.9573721886,1.0121663355,1.0029298067,-1.6523957903
6.9669473171,1.0121663355,1.0029298067,-1.6643897636
6.9775729179,1.0121663355,1.0014520884,-1.670367424
6.9872806072,1.0121663355,1.0014520884,-1.6822843365
6.9973025322,1.0121663355,0.9981001019,-1.6822843365
7.0068352222,0.9711622306,0.9981001019,-1.7302859664
7.0170116425,0.9711622306,0.9935932159,-1.7435548473
7.0267612934,0.9711622306,0.9935932159,-1.7705152921
7.0367629528,0.9711622306,0.9964084029,-1.7842104982
7.0468931198,0.9711622306,0.9964084029,-1.7842104982
7.0569388866,1.0160278087,0.9967216849,-1.7440474434
7.0675728321,1.0160278087,0.9967216849,-1.7458974146
7.0768382549,1.0160278087,0.9926592112,-1.7494230787
7.0867657661,1.0160278087,0.9926592112,-1.7510998636
7.0969099998,1.0022210647,0.9956398606,-1.8025867823
7.1069772243,1.0022210647,0.9956398606,-1.8118752459
7.1170358658,1.0022210647,0.9920012951,-1.8304864338
7.1268889904,1.0022210647,0.9920012951,-1.839809146
7.1369056702,1.0022210647,0.989446044,-1.8491432613
7.1466975212,0.9953657662,0.989446044,-1.7978987922
7.1568748951,0.9953657662,0.989446044,-1.8020316506
7.1668009758,0.9953657662,0.9897606373,-1.8040059234
7.1767196655,0.9953657662,0.9897606373,-1.8059188687
7.1868650913,0.9953657662,0.9872381687,-1.8077705801
7.1971361637,0.999802509,0.9872381687,-1.868598834
7.2070319653,0.999802509,0.982188344,-1.8872251065
7.2173292637,0.999802509,0.982188344,-1.8966021358
7.2272570133,0.999802509,0.9840378165,-1.9154861333
7.2369725704,0.999802509,0.9840378165,-1.9154861333
7.2467930317,0.9823560411,0.9833845496,-1.9132636992
7.2571725845,0.9823560411,0.9833845496,-1.919200206
7.2671980858,0.9823560411,0.9853979945,-1.931031384
7.2773747444,0.9823560411,0.9853979945,-1.9369261495
7.2868723869,0.99850917,0.9821448922,-2.1313406563
7.2974026203,0.99850917,0.9821448922,-2.1516453142
7.3069574833,0.99850917,0.9834731221,-2.191828177
7.316827774,0.99850917,0.9834731221,-2.2116939939
7.3268232346,0.99850917,0.9839982986,-2.2314018585
7.3369271755,1.0763239652,0.9839982986,-2.1865356364
7.3471298218,1.0763239652,0.9782945514,-2.1936301548
7.3572511673,1.0763239652,0.9782945514,-2.2074265521
7.3668351173,1.0763239652,0.9835382104,-2.2141289908
7.3769464493,1.0763239652,0.9835382104,-2.2207012659
7.3871314526,1.0243762676,0.9835382104,-2.1401833451
7.39696455,1.0243762676,0.9817581177,-2.1229364121
7.4068601131,1.0243762676,0.9817581177,-2.1140421487
7.4176747799,1.0243762676,0.9844385982,-2.09579284
7.4267406464,1.0243762676,0.9844385982,-2.09579284
7.4368999004,1.0793146181,0.9864736795,-2.2880103238
7.4471256733,1.0793146181,0.9864736795,-2.3052140142
7.4567756653,1.0793146181,0.9837499857,-2.339865662
7.4668278694,1.0793146181,0.9837499857,-2.357311122
7.4768257141,1.0654701592,0.9841144681,-2.2808389822
7.4876215458,1.0654701592,0.9841144681,-2.2826292869
7.4970521927,1.0654701592,0.9824787378,-2.2842512957
7.5069653988,1.0654701592,0.9824787378,-2.2869902469
7.5169410706,1.0654701592,0.9880443215,-2.288107175
7.5270693302,1.06224697,0.9880443215,-2.3205731151
7.5370688438,1.06224697,0.9851662517,-2.328384182
7.5477218628,1.06224697,0.9851662517,-2.3438101511
7.5567398071,1.06224697,0.9879507422,-2.3514239757
7.5673396587,1.06224697,0.9879507422,-2.3589709598
7.577385664,1.0957273567,0.9863861799,-2.3357770079
7.5868389606,1.0957273567,0.9863861799,-2.336967472
7.5972824097,1.0957273567,0.9914033413,-2.3373315472
7.6071083546,1.0957273567,0.9914033413,-2.3376039487
7.6168766022,1.0957273567,0.9914033413,-2.3376039487
7.6270515919,1.0405339206,0.9857891798,-2.4695151445
7.6376986504,1.0405339206,0.9857891798,-2.49116268
7.647010088,1.0405339206,0.9881657362,-2.5129425533
7.6574890614,1.0405339206,0.9881657362,-2.5568677023
7.66715765,1.0405339206,0.9903613329,-2.5568677023
7.6768796444,1.0487097474,0.9903613329,-2.4827201145
7.6872124672,1.0487097474,0.995311141,-2.4892219106
7.6968669891,1.0487097474,0.995311141,-2.5019785684
7.7070126534,1.0487097474,0.9920115471,-2.5082325656
7.7170670033,1.040769071,0.9920115471,-2.440213127
7.727080822,1.040769071,0.9960223436,-2.4340616355
7.7369728088,1.040769071,0.9960223436,-2.4211535327
7.7468268871,1.040769071,0.9961628914,-2.4144100031
7.7568302155,1.040769071,0.9961628914,-2.407482933
7.7669341564,1.052268173,0.9899478555,-2.5347824659
7.7769522667,1.052268173,0.9899478555,-2.5612345539
7.7873160839,1.052268173,0.9975447655,-2.5744421886
7.7969975471,1.052268173,0.9975447655,-2.5876360241
7.8068594933,1.052268173,0.998883009,-2.6008149317
7.8169071674,1.0383322523,0.998883009,-2.6418753834
7.8271679878,1.0383322523,0.998883009,-2.6790382922
7.8373634815,1.0383322523,1.0015846491,-2.6977343734
7.8465595245,1.0383322523,1.0015846491,-2.73533299
7.8573994637,1.0383322523,0.9940745234,-2.73533299
7.8670835495,1.0363818444,0.9940745234,-2.6296481841
7.8771505356,1.0363818444,1.0021237135,-2.6285192843
7.8875789642,1.0363818444,1.0021237135,-2.6257765529
7.8973941803,1.0363818444,1.004762888,-2.6241644486
7.9071056843,1.0382941877,1.004762888,-2.6999383323
7.9169654846,1.0382941877,1.0034373999,-2.714284204
7.9274077415,1.0382941877,1.0034373999,-2.7435062746
7.9368331432,1.0382941877,1.0015302896,-2.7583910518
7.9467940331,1.0382941877,1.0015302896,-2.7734641885
7.9572410583,1.110262023,1.0066257715,-2.7652044368
7.9669570923,1.110262023,1.0066257715,-2.7737574
7.9772481918,1.110262023,1.006519556,-2.7906894656
7.9873890877,1.110262023,1.006519556,-2.799068527
7.9970221519,1.110262023,1.0049433708,-2.8073895945
8.007140398,1.0148121791,1.0049433708,-2.8001387831
8.017575264,1.0148121791,1.0042484999,-2.8169468845
8.0268361568,1.0148121791,1.0042484999,-2.8253351474
8.0370013714,1.0148121791,1.0042484999,-2.8420802218
8.0473003387,1.0148121791,1.0074603558,-2.8420802218
8.0570034981,1.0570691542,1.0074603558,-2.8653376219
8.0675668716,1.0570691542,1.0059993267,-2.8707866979
8.0771009922,1.0570691542,1.0059993267,-2.8814613319
8.0871393681,1.0570691542,1.0084506273,-2.8866877869
8.0967848301,1.0570691542,1.0084506273,-2.8866877869
8.1070973873,1.109224737,1.0070427656,-3.0382081093
8.1167683601,1.109224737,1.0070427656,-3.0629750194
8.1266217232,1.109224737,1.0129774809,-3.1133103314
8.1367604733,1.109224737,1.0129774809,-3.138854614
8.1474769115,1.083445431,1.0096302032,-3.0184951719
8.1571819782,1.083445431,1.0096302032,-3.0192185329
8.1667597294,1.083445431,1.0062350035,-3.0201828692
8.1769869328,1.083445431,1.0062350035,-3.0204233344
8.1867649555,1.083445431,1.007175684,-3.0205023599
8.1968607903,0.9937272316,1.007175684,3.1361417941
8.2068986893,0.9937272316,1.0092505217,3.0766201378
8.2167780399,0.9937272316,1.0092505217,3.0464255821
8.2268893719,0.9937272316,1.0075465441,2.9853268424
8.2368807793,0.9937272316,1.0075465441,2.9853268424
8.2469320297,1.0866019591,1.0053385496,-3.0917454915
8.2566509247,1.0866019591,1.0053385496,-3.0731537884
8.2667574883,1.0866019591,1.0053385496,-3.0637371236
8.2766721249,1.0866019591,1.0013865232,-3.0447233216
8.2868714333,1.0866019591,1.0013865232,-3.0447233216
8.2968080044,1.047068769,1.003220439,3.0892863145
8.3073654175,1.047068769,1.003220439,3.0686039776
8.3168580532,1.047068769,1.0038782358,3.0262176841
8.326939106,1.047068769,1.0038782358,3.0045062671
8.3374481201,1.0555078657,1.0029559135,3.0036898277
8.3469352722,1.0555078657,1.0029559135,2.987007228
8.3567311764,1.0555078657,1.0035670996,2.9537758071
8.3668630123,1.0555078657,1.0035670996,2.9372350977
8.3768279552,1.0555078657,0.9982801676,2.9207496236
8.3868765831,1.0033388419,0.9982801676,2.9334211183
8.3966374397,1.0033388419,1.0014328957,2.9187009996
8.4071784019,1.0033388419,1.0014328957,2.8891984418
8.4170179367,1.0033388419,1.0034846067,2.8744192218
8.4269073009,1.0033388419,1.0034846067,2.8596235474
8.4378244877,1.0368028505,1.0051769018,2.9023410689
8.4470162392,1.0368028505,1.0051769018,2.891692186
8.4569036961,1.0368028505,0.9975764751,2.8864992414
8.4676780701,1.0368028505,0.9975764751,2.8763756366
8.4773001671,1.0368028505,0.9984482527,2.8763756366
8.4867711067,1.0412524083,0.9984482527,2.8318435999
8.496856451,1.0412524083,0.9984482527,2.823529807
8.5076022148,1.0412524083,1.0014036894,2.8070691779
8.5170404911,1.0412524083,1.0014036894,2.798921496
8.5273106098,1.0401041564,0.9990659952,2.7924983822
8.5367591381,1.0401041564,0.9990659952,2.7821605963
8.5468053818,1.0401041564,1.0023006201,2.7718294611
8.5571396351,1.0401041564,1.0023006201,2.7511874445
8.5669436455,1.0401041564,1.0003345013,2.7408767122
8.5768983364,0.9789164759,1.0003345013,2.7296913768
8.5868980885,0.9789164759,1.0007853508,2.7120115097
8.5970299244,0.9789164759,1.0007853508,2.6778633689
8.6068074703,0.9789164759,1.0016020536,2.6613839086
8.6168997288,0.9789164759,1.0016020536,2.6452924872
8.6269309521,1.1220625657,1.0053225756,2.7150850656
8.6369321346,1.1220625657,1.0053225756,2.6964804462
8.6468789577,1.1220625657,1.0089167356,2.6871778652
8.6568698883,1.1220625657,1.0089167356,2.6685713522
8.6677501202,1.1220625657,1.0045571327,2.6685713522
8.6773848534,1.2098096522,1.0045571327,2.6731940427
8.6873705387,1.2098096522,1.0083240271,2.6711640442
8.6968147755,1.2098096522,1.0083240271,2.6692660128
8.706915617,1.2098096522,1.0083240271,2.6658612797
8.7173709869,1.2098096522,1.0074770451,2.6658612797
8.7268714905,1.1855541865,1.0074770451,2.4655003598
8.736782074,1.1855541865,1.0079381466,2.4363850698
8.7470474243,1.1855541865,1.0079381466,2.3774546286
8.7571144104,1.1855541865,1.0074119568,2.3476859656
8.7667782307,6.0976594118,1.0074119568,1.4832888152
8.7769305706,6.0976594118,1.0044239759,1.4756217711
8.7867355347,6.0976594118,1.0044239759,1.459907769
8.7976412773,6.0976594118,1.0079956055,1.4518845504
8.8068642616,6.0976594118,1.0079956055,1.4437639422
8.8166291714,6.2925138575,1.0083620548,1.1835529308
8.8270218372,6.2925138575,1.0083620548,1.1012194218
8.8368279934,6.2925138575,1.0011867285,1.060430779
8.8468494415,6.2925138575,1.0011867285,1.0199042034
8.8569123745,6.2925138575,1.0021972656,0.9796460542
8.8676862717,5.6404288093,1.0021972656,1.0321039726
8.87698102,5.6404288093,1.0079857111,1.0067378381
8.8875687122,5.6404288093,1.0079857111,0.9818841643
8.8975195885,5.6404288093,1.0049613714,0.933586618
8.9070165157,5.6404288093,1.0049613714,0.933586618
8.9167990685,5.2707645964,0.9959869385,1.1857958883
8.9267938137,5.2707645964,0.9959869385,1.2139160305
8.9368827343,5.2707645964,0.9959869385,1.2722987662
8.947270155,5.2707645964,0.9970282912,1.3025710542
8.9568016529,4.2111906837,0.9970282912,1.1436086798
8.9668798447,4.2111906837,1.001631856,1.1211880102
8.976994276,4.2111906837,1.001631856,1.0723181661
8.9871103764,4.2111906837,0.9996013641,1.0459376931
8.9975719452,4.2111906837,0.9996013641,1.0183362445
9.0076766014,3.3885414036,0.9984608293,1.1314812603
9.0169658661,3.3885414036,0.9984608293,1.1102058911
9.0277729034,3.3885414036,0.9945919514,1.0694192771
9.0373291969,3.3885414036,0.9945919514,1.050078996
9.046751976,3.3885414036,0.9917937517,1.031537849
9.056748867,2.8521473955,0.9917937517,1.1157014838
9.0672807693,2.8521473955,0.9915688634,1.1367559103
9.0768988132,2.8521473955,0.9915688634,1.1475762789
9.0868353844,2.8521473955,0.9927515388,1.1698373783
9.096600771,2.8521473955,0.9927515388,1.1698373783
9.106767416,2.3632964585,0.9945067167,1.0774392567
9.1167552471,2.3632964585,0.9945067167,1.0638052634
9.127348423,2.3632964585,0.9916090369,1.0362738864
9.1368288994,2.3632964585,0.9916090369,1.0223820731
9.1468169689,2.3632964585,0.9916090369,1.0223820731
9.1568658352,1.9562410348,0.9953404665,1.0555146308
9.1668198109,1.9562410348,0.9953404665,1.0424392537
9.1773471832,1.9562410348,0.9920775294,1.0161604569
9.187271595,1.9562410348,0.9920775294,1.0029624023
9.1971242428,1.6370007216,0.9917327166,1.056018401
9.2069530487,1.6370007216,0.9917327166,1.046433289
9.2170066833,1.6370007216,0.9890773892,1.0270817366
9.2272024155,1.6370007216,0.9890773892,1.0173194765
9.236771822,1.6370007216,0.9900295734,1.0075022815
9.2465586662,1.4179277021,0.9900295734,1.0308377498
9.2576303482,1.4179277021,0.9954874516,1.0184468474
9.2668890953,1.4179277021,0.9954874516,1.0126050466
9.2771866322,1.4179277021,0.995595932,1.001671755
9.2869279385,1.4179277021,0.995595932,1.001671755
9.2970736027,1.2606194794,0.9955447316,1.0150272768
9.3066551685,1.2606194794,0.9955447316,1.0174076787
9.3170478344,1.2606194794,0.998298347,1.0188991661
9.3271245956,1.2606194794,0.998298347,1.0223909241
9.3366882801,1.2606194794,0.9998621345,1.0223909241
9.3472764492,1.1344051965,0.9998621345,0.9973569866
9.3571417332,1.1344051965,0.9975310564,0.9925738227
9.3667194843,1.1344051965,0.9975310564,0.9830179606
9.3767073154,1.1344051965,0.9975310564,0.9782465882
9.3870739937,0.997957448,1.0025544167,0.9858461396
9.3968453407,0.997957448,1.0025544167,0.9856321925
9.4068272114,0.997957448,1.0007952452,0.9851039702
9.4172115326,0.997957448,1.0007952452,0.9847865073
9.4268817902,0.997957448,1.0065762997,0.984431306
9.436829567,0.8965845524,1.0065762997,0.9702138165
9.4470500946,0.8965845524,1.0013405085,0.9696241078
9.4573595524,0.8965845524,1.0013405085,0.9683713344
9.4668545723,0.8965845524,0.9995076656,0.9677059747
9.4768619537,0.8965845524,0.9995076656,0.9670130801
9.4865446091,0.8326064629,1.001657486,0.9591105541
9.4970626831,0.8326064629,1.001657486,0.9574592962
9.5069663525,0.8326064629,1.0100334883,0.9566091595
9.5168123245,0.8326064629,1.0100334883,0.9548557061
9.526722908,0.8326064629,1.0045138597,0.9548557061
9.5369441509,0.7148551403,1.0045138597,0.9422973063
9.5468719006,0.7148551403,1.0044335127,0.9379398909
9.5568172932,0.7148551403,1.0044335127,0.9291598333
9.567551136,0.7148551403,1.0038721561,0.9247378459
9.577227354,4.1395489705,1.0038721561,0.3546531818
9.5875227451,4.1395489705,1.0001895428,0.3367215761
9.5968728065,4.1395489705,1.0001895428,0.3189137241
9.606947422,4.1395489705,1.0001895428,0.2836478954
9.6168842316,4.1395489705,1.0037791729,0.2661800269
9.6269052029,3.7073397228,1.0037791729,0.3732349205
9.6373300552,3.7073397228,0.9989355803,0.3877002046
9.647331953,3.7073397228,0.9989355803,0.4162901353
9.6572213173,3.7073397228,1.0037316084,0.4304097397
9.6671559811,3.7073397228,1.0037316084,0.4444093849
9.6774411201,3.6471616548,1.00370574,0.4663279598
9.68694067,3.6471616548,1.00370574,0.4951903071
9.6968574524,3.6471616548,1.0125676394,0.5094265522
9.7074117661,3.6471616548,1.0125676394,0.5374950342
9.7168691158,3.6471616548,1.0084371567,0.5374950342
9.7271242142,2.9824872651,1.0084371567,0.4596976136
9.7370610237,2.9824872651,1.0040076971,0.4694753112
9.7468326092,2.9824872651,1.0040076971,0.4791578185
9.7568635941,2.9824872651,1.0095670223,0.4982376459
9.7669057846,2.9824872651,1.0095670223,0.4982376459
9.7770066261,2.4749825089,1.0034636259,0.43929134
9.7869372368,2.4749825089,1.0034636259,0.4406604567
9.7972209454,2.4749825089,0.9936799407,0.4430707508
9.8068406582,2.4749825089,0.9936799407,0.4441170502
9.8169355392,2.008003013,0.9936799407,0.4293318949
9.8267757893,2.008003013,1.0025051832,0.4206297606
9.8371574879,2.008003013,1.0025051832,0.4030736549
9.8469421864,2.008003013,0.9963359833,0.3942223049
9.8568906784,2.008003013,0.9963359833,0.3853237741
9.866945982,2.1164241789,0.9983996749,0.3043205489
9.8769841194,2.1164241789,0.9983996749,0.277537507
9.8868556023,2.1164241789,0.9989516139,0.2641830095
9.8967568874,2.1164241789,0.9989516139,0.2508578444
9.9067511559,2.1164241789,0.9984430075,0.2375656075
9.9168930054,1.7739444969,0.9984430075,0.2966452927
9.9269816875,1.7739444969,0.9951446652,0.2808843654
9.9368476868,1.7739444969,0.9951446652,0.2732252639
9.9469938278,1.7739444969,0.9970588684,0.2583955985
9.9570059776,1.7739444969,0.9970588684,0.2583955985
9.9668691158,1.5522724799,0.9986319542,0.2960656623
9.9769160748,1.5522724799,0.9986319542,0.2990738214
9.9868371487,1.5522724799,1.0001366138,0.3038229083
9.9969210625,1.5522724799,1.0001366138,0.3055220384
10.0068514347,1.2964393839,0.9996706247,0.2685848701
10.0169394016,1.2964393839,0.9996706247,0.2615134868
10.0268306732,1.2964393839,0.9968519211,0.2486770533
10.0368111134,1.2964393839,0.9968519211,0.2430058365
10.0465567112,1.2964393839,0.9968519211,0.2378903231
10.0567662716,1.1004984805,1.0005668402,0.2516090719
10.0669546127,1.1004984805,1.0005668402,0.2439810124
10.0767099857,1.1004984805,1.001330018,0.2292458763
10.0868124962,1.1004984805,1.001330018,0.2222048752
10.0968773365,1.1004984805,0.9973688722,0.2154241612
10.1072273254,0.945064678,0.9973688722,0.2471913126
10.1169312,0.945064678,1.0006181002,0.2385461858
10.1268386841,0.945064678,1.0006181002,0.234065393
10.1368329525,0.945064678,0.9981996417,0.224875806
10.1468734741,0.945064678,0.9981996417,0.224875806
10.157186985,0.903018167,1.00025177,0.2199440776
10.1668350697,0.903018167,1.00025177,0.2162473494
10.1768131256,0.903018167,0.9968608022,0.2083566893
10.1867761612,0.903018167,0.9968608022,0.2041704107
10.1968412399,0.903018167,0.9995606542,0.2041704107
10.2072281837,0.7933530197,0.9995606542,0.2206272101
10.2167227268,0.7933530197,0.9952640533,0.2215745314
10.2269258499,0.7933530197,0.9952640533,0.223357632
10.2369930744,0.7933530197,0.9995208383,0.2241866381
10.2469062805,0.7786774202,0.9995208383,0.208178751
10.2576515675,0.7786774202,0.9946057796,0.2058652753
10.2672224045,0.7786774202,0.9946057796,0.2010074707
10.2767808437,0.7786774202,0.9946057796,0.1984688479
10.287014246,0.7786774202,0.9912246466,0.1958613246
10.2968709469,0.8256784984,0.9912246466,0.1981983822
10.3071091175,0.8256784984,0.9906420708,0.1956707585
10.3168983459,0.8256784984,0.9906420708,0.1943802235
10.3266456127,0.8256784984,0.9952497482,0.1930694541
10.336858511,0.8256784984,0.9952497482,0.1917366594
10.347420454,1.0452518544,0.9917322993,0.1277410082
10.3566627502,1.0452518544,0.9917322993,0.1241503069
10.3668460846,1.0452518544,0.9913647771,0.1206718211
10.3769500256,1.0452518544,0.9913647771,0.114121845
10.3870968819,1.0452518544,0.989325583,0.114121845
10.3975703716,0.9898650932,0.989325583,0.1180368406
10.406883955,0.9898650932,0.9866670966,0.1193784532
10.4169430733,0.9898650932,0.9866670966,0.1217639061
10.4269063473,0.9898650932,0.991378665,0.1227399873
10.4368708134,1.6943462321,0.991378665,0.2793777392
10.4473063946,1.6943462321,0.9938579202,0.2880259724
10.4567558765,1.6943462321,0.9938579202,0.3044344753
10.4667668343,1.6943462321,0.9912993312,0.3120267951
10.4768037796,1.6943462321,0.9912993312,0.3191115594
10.4868645668,1.4385237172,0.9912993312,0.2721282816
10.4972281456,1.4385237172,0.9930368662,0.2793909253
10.5071778297,1.4385237172,0.9930368662,0.2823461607
10.5173068047,1.4385237172,0.99071908,0.2848014698
10.5272829533,1.4385237172,0.99071908,0.2867276365
10.5375473499,1.2043018479,0.9936335087,0.2655378404
10.5469996929,1.2043018479,0.9936335087,0.2533160985
10.5569515228,1.2043018479,0.9934247732,0.2476140686
10.5668487549,1.2043018479,0.9934247732,0.2373414789
10.5769002438,1.2043018479,0.9991893172,0.2373414789
10.5872039795,1.1051741717,0.9991893172,0.2576856335
10.5968105793,1.1051741717,0.9950554371,0.260065949
10.6075582504,1.1051741717,0.9950554371,0.2636948587
10.6169030666,1.1051741717,0.9983707666,0.2647901239
10.6267542839,0.9788642969,0.9983707666,0.2599665529
10.6367762089,0.9788642969,1.0004950762,0.257721207
10.6468276978,0.9788642969,1.0004950762,0.2556403776
10.6569600105,0.9788642969,0.9992818832,0.2521060694
10.6668055058,0.9788642969,0.9992818832,0.2507181352
10.6770572662,0.8885319442,1.0029044151,0.2512846523
10.6868104935,0.8885319442,1.0029044151,0.2477124714
10.6968169212,0.8885319442,1.0029044151,0.2411361275
10.7066426277,0.8885319442,1.0066479445,0.2381709656
10.7170686722,0.8885319442,1.0066479445,0.2354450423
10.7269146442,0.7818618467,1.0054360628,0.2530653615
10.7372834682,0.7818618467,1.0054360628,0.2582550568
10.7472059727,0.7818618467,1.007676959,0.2610818501
10.7568781376,0.7818618467,1.007676959,0.2670495752
10.7668426037,0.7818618467,1.0061951876,0.2670495752
10.776943922,0.7343403665,1.0061951876,0.2515567335
10.7867536545,0.7343403665,1.0089303255,0.2523813748
10.7969381809,0.7343403665,1.0089303255,0.2530508292
10.8068692684,0.7343403665,1.0072020292,0.2538650335
10.8171088696,0.7343403665,1.0072020292,0.2538650335
10.8273565769,0.7239963647,1.0101448298,0.2660762302
10.8369693756,0.7239963647,1.0101448298,0.2690850455
10.8471190929,0.7239963647,1.0119140148,0.2750263629
10.8573682308,0.7239963647,1.0119140148,0.2779260017
10.8670089245,2.667272964,1.0084145069,0.6257484253
10.8774769306,2.667272964,1.0084145069,0.6484399568
10.8872818947,2.667272964,1.0114603043,0.7001894752
10.8974416256,2.667272964,1.0114603043,0.7286900455
10.9070312977,2.667272964,1.0064579248,0.7584503184
10.9175770283,2.1292644116,1.0064579248,0.6790795091
10.9275610447,2.1292644116,1.008338213,0.7288091726
10.9375734329,2.1292644116,1.008338213,0.7568786878
10.9473326206,2.1292644116,1.008338213,0.8184034506
10.9572942257,2.1292644116,1.0112358332,0.8184034506
10.9675168991,1.8166256807,1.0112358332,0.6765633459
10.9768390656,1.8166256807,1.0091195107,0.6552711668
10.9872829914,1.8166256807,1.0091195107,0.6443573428
10.9971699715,1.8166256807,1.0079317093,0.6220250976
11.0071296692,1.8166256807,1.0079317093,0.6220250976
11.0169465542,4.0425266018,1.0109282732,0.0353662355
11.0271282196,4.0425266018,1.0109282732,0.0135947039
11.0371003151,4.0425266018,1.0077278614,-0.0297240812
11.0472319126,4.0425266018,1.0077278614,-0.0512824648
11.0568497181,5.3180049649,1.0023099184,0.6343486231
11.0669212341,5.3180049649,1.0023099184,0.7036495785
11.0768117905,5.3180049649,1.0091457367,0.8487634841
11.0875718594,5.3180049649,1.0091457367,0.923364874
11.0975401402,5.3180049649,1.0051007271,0.9983867724
11.1067960262,4.5031637282,1.0051007271,0.7770016502
11.1167948246,4.5031637282,1.0040824413,0.8332373872
11.1274492741,4.5031637282,1.0040824413,0.9616258775
11.1368656158,4.5031637282,1.0036482811,1.0345872163
11.1470246315,4.5031637282,1.0036482811,1.1137448554
11.1568610668,4.6351798332,1.0036482811,1.3483239936
11.1668319702,4.6351798332,1.0035465956,1.5501117364
11.1769485474,4.6351798332,1.0035465956,1.6505762207
11.1875822544,4.6351798332,1.0011566877,1.8425331648
11.1968348026,4.6351798332,1.0011566877,1.8425331648
11.207234621,4.1991561232,0.9974932075,1.8697709497
11.2168495655,4.1991561232,0.9974932075,1.9606782285
11.2267587185,4.1991561232,0.9975572228,2.1283990041
11.2370586395,4.1991561232,0.9975572228,2.2043005597
11.2470314503,4.1991561232,0.9953402877,2.2043005597
11.256718874,4.0559043327,0.9953402877,2.2292141037
11.2667810917,4.0559043327,1.0029025078,2.2828464405
11.2771530151,4.0559043327,1.0029025078,2.3772368957
11.286955595,4.0559043327,0.9963239431,2.4188198884
11.2973926067,4.0594578969,0.9963239431,2.4626079251
11.3070206642,4.0594578969,0.9954696298,2.4924099466
11.3167929649,4.0594578969,0.9954696298,2.5455095232
11.3271865845,4.0594578969,0.9946034551,2.569293778
11.337501049,4.0594578969,0.9946034551,2.5915055568
11.346842289,3.2888332838,0.9964312315,2.4626695972
11.3568120003,3.2888332838,0.9964312315,2.4162768909
11.3667328358,3.2888332838,0.9964312315,2.3925295742
11.37692523,3.2888332838,0.9942071438,2.3437545703
11.38702631,3.2888332838,0.9942071438,2.3437545703
11.3967533112,3.6262329009,0.9948458076,2.2703440247
11.406560421,3.6262329009,0.9948458076,2.202967406
11.4168744087,3.6262329009,0.9951965809,2.1676898689
11.426886797,3.6262329009,0.9951965809,2.0934957856
11.4365417957,3.6262329009,0.989985764,2.0934957856
11.4476029873,3.8414068463,0.989985764,1.9294046926
11.4569768906,3.8414068463,0.9948517084,1.8778271434
11.4676816463,3.8414068463,0.9948517084,1.7700209395
11.4775977135,3.8414068463,0.9929290414,1.713830102
11.4868557453,3.8489130016,0.9929290414,1.7263758791
11.4966568947,3.8489130016,0.9955434203,1.6703942705
11.5074374676,3.8489130016,0.9955434203,1.5522857719
11.5170023441,3.8489130016,0.9926045537,1.4901777284
11.5270850658,3.8489130016,0.9926045537,1.4261035894
11.5373723507,3.7998040032,0.9920744896,1.4237550857
11.5466227531,3.7998040032,0.9920744896,1.3595834832
11.5570495129,3.7998040032,0.9939200878,1.2285852421
11.5670282841,3.7998040032,0.9939200878,1.1622247875
11.5768401623,3.7998040032,0.9913582206,1.0956299935
11.5874626637,3.0888266073,0.9913582206,1.4715666511
11.5974974632,3.0888266073,1.0021268129,1.3827873768
11.6069324017,3.0888266073,1.0021268129,1.3369799221
11.6175904274,3.0888266073,1.0021268129,1.2425546795
11.6269533634,3.0888266073,0.9969947934,1.2425546795
11.6368813515,2.5527942425,0.9969947934,1.582568107
11.6467261314,2.5527942425,0.9994333982,1.6273761101
11.656901598,2.5527942425,0.9994333982,1.7261633469
11.6669397354,2.5527942425,1.0014760494,1.7792319661
11.6772449017,2.1023743567,1.0014760494,1.5612855506
11.6867544651,2.1023743567,0.9972316623,1.5959168403
11.6973497868,2.1023743567,0.9972316623,1.6604110526
11.7070803642,2.1023743567,0.99899441,1.6898368197
11.7177510262,2.1023743567,0.99899441,1.7171804315
11.7269384861,1.844724262,0.9964675903,1.6203467173
11.7373621464,1.844724262,0.9964675903,1.6150174047
11.7468037605,1.844724262,0.9964056611,1.6051362213
11.7566993237,1.844724262,0.9964056611,1.6006153877
11.7668170929,1.844724262,0.9958894849,1.5963973834
11.7767987251,1.8900897287,0.9958894849,1.5987538323
11.7867984772,1.8900897287,0.9951972365,1.5998629774
11.7968502045,1.8900897287,0.9951972365,1.6005852517
11.807038784,1.8900897287,0.9953883886,1.6023234195
11.8164930344,1.8900897287,0.9953883886,1.6023234195
11.8272507191,1.6538044963,0.9953883886,1.6603510145
11.8375985622,1.6538044963,0.9962009788,1.6775092012
11.847345829,1.6538044963,0.9962009788,1.7107166985
11.8574211597,1.6538044963,0.9948468208,1.7267878783
11.8671655655,1.6538044963,0.9948468208,1.7267878783
11.8769516945,1.5179883492,0.9970912337,1.6169736239
11.8868396282,1.5179883492,0.9970912337,1.6066079439
11.8969171047,1.5179883492,0.994925499,1.5860859079
11.9074704647,1.5179883492,0.994925499,1.5759268228
11.9166953564,1.2935131148,0.9949753284,1.6418751545
11.9267287254,1.2935131148,0.9949753284,1.6332130591
11.9374270439,1.2935131148,0.9906092286,1.6160304698
11.9468712807,1.2935131148,0.9906092286,1.6075083076
11.9572079182,1.2935131148,0.9964962602,1.599031152
11.9673576355,1.1361421159,0.9964962602,1.6787860073
11.977104187,1.1361421159,0.9968198538,1.7058786735
11.9870576859,1.1361421159,0.9968198538,1.7191807994
11.9969704151,1.1361421159,0.9956232309,1.7323201667
12.0077915192,1.1361421159,0.9956232309,1.7452968173
12.0167353153,1.0123818341,0.994351089,1.677985818
12.0271167755,1.0123818341,0.994351089,1.6641292932
12.0368554592,1.0123818341,0.994351089,1.6572393729
12.046841383,1.0123818341,0.997561574,1.6437321004
12.0566964149,1.0123818341,0.997561574,1.6437321004
12.0667946339,0.8898830995,0.9930670857,1.6902864831
12.0772628784,0.8898830995,0.9930670857,1.6880325194
12.0870246887,0.8898830995,0.9932280183,1.6839463033
12.0967605114,0.8898830995,0.9932280183,1.6821516264
12.1072087288,0.8040627607,0.9931765199,1.7009375818
12.1168956757,0.8040627607,0.9931765199,1.7061920723
12.1271154881,0.8040627607,1.0011651516,1.7163528031
12.1377897263,0.8040627607,1.0011651516,1.7212004731
12.1469085217,0.8040627607,1.0002685785,1.7258550897
12.1569821835,0.7525842087,1.0002685785,1.7123140078
12.1667032242,0.7525842087,1.0010824203,1.7163323611
12.1775546074,0.7525842087,1.0010824203,1.7235363226
12.1872527599,0.7525842087,1.0023884773,1.7266920305
12.1970272064,0.7525842087,1.0023884773,1.7295333833
12.2067863941,0.7009292718,1.0050860643,1.7090549645
12.2168934345,0.7009292718,1.0050860643,1.7041573339
12.2267746925,0.7009292718,1.005390048,1.7014262483
12.2367675304,0.7009292718,1.005390048,1.6955464343
12.2471036911,0.7009292718,1.0108082294,1.6955464343
12.2569329739,0.6264216601,1.0108082294,1.7092214401
12.2670042515,0.6264216601,1.0108082294,1.7080209893
12.2770626545,0.6264216601,1.0051954985,1.7056645627
12.2868301868,0.6264216601,1.0051954985,1.7045536392
12.2967879772,0.6264216601,1.0092129707,1.7045536392
12.3071110249,0.6497708062,1.0092129707,1.7182827499
12.3169817925,0.6497708062,1.0106108189,1.7191121648
12.3268535137,0.6497708062,1.0106108189,1.7211322604
12.3368415833,0.6497708062,1.0131092072,1.7223090511
12.3467564583,0.6062819232,1.0131092072,1.7188833922
12.357241869,0.6062819232,1.0131269693,1.719502307
12.3668377399,0.6062819232,1.0131269693,1.7205365961
12.3770701885,0.6062819232,1.0108910799,1.7209125542
12.3869094849,0.6062819232,1.0108910799,1.721169779
12.3973231316,0.6147999015,1.0077372789,1.708417231
12.4068636894,0.6147999015,1.0077372789,1.7070729134
12.4171164036,0.6147999015,1.010338068,1.7063031717
12.4268295765,0.6147999015,1.010338068,1.7045034811
12.437340498,0.6147999015,1.0142877102,1.7045034811
12.4466366768,0.5540824405,1.0142877102,1.7074833377
12.4569849968,0.5540824405,1.0169192553,1.7061645331
12.4673266411,0.5540824405,1.0169192553,1.7055065365
12.476985693,0.5540824405,1.0169192553,1.7042800187
12.4867212772,0.5540824405,1.0173870325,1.7042800187
12.4968895912,0.5543915076,1.0173870325,1.6680935738
12.5072557926,0.5543915076,1.0140374899,1.6642632102
12.5167627335,0.5543915076,1.0140374899,1.6566903579
12.526850462,0.5543915076,1.0105071068,1.6529937947
12.5369176865,0.539765934,1.0105071068,1.6761221302
12.5468688011,0.539765934,1.0165067911,1.6762848348
12.5569970608,0.539765934,1.0165067911,1.6766281646
12.5670337677,0.539765934,1.0138044357,1.6768410935
12.576757431,0.539765934,1.0138044357,1.6771014735
12.5868167877,0.5255976701,1.0157675743,1.6594559213
12.5975160599,0.5255976701,1.0157675743,1.6533717715
12.6072163582,0.5255976701,1.0103616714,1.6504519541
12.6168587208,0.5255976701,1.0103616714,1.647611412
12.6274526119,0.5255976701,1.016289711,1.6448458989
12.6367638111,0.5370967644,1.016289711,1.6538938179
12.6469335556,0.5370967644,1.0149770975,1.6528018312
12.6566712856,0.5370967644,1.0149770975,1.6521783614
12.6676676273,0.5370967644,1.0096657276,1.6507112959
12.6767134666,0.5370967644,1.0096657276,1.6507112959
12.6867895126,1.2878210806,1.0147120953,1.825412694
12.6969873905,1.2878210806,1.0147120953,1.8291769968
12.7072348595,1.2878210806,1.0147120953,1.8352539703
12.7171220779,1.2878210806,1.0095648766,1.8373331197
12.7267534733,1.1104290041,1.0095648766,1.8041527455
12.7374722958,1.1104290041,1.010638833,1.7959580676
12.747828722,1.1104290041,1.010638833,1.7792121144
12.7565331459,1.1104290041,1.0059797764,1.7710043145
12.7675902843,1.1104290041,1.0059797764,1.7631268958
12.776860714,1.6403383106,1.0173885822,1.6271166655
12.786793232,1.6403383106,1.0173885822,1.617149416
12.7966873646,1.6403383106,1.0134541988,1.600259494
12.8078694344,1.6403383106,1.0134541988,1.5937359517
12.8167574406,1.6403383106,1.0128054619,1.5886758449
12.827419281,1.5006334318,1.0128054619,1.6314737803
12.8370182514,1.5006334318,1.005474925,1.6227467631
12.8473682404,1.5006334318,1.005474925,1.6199587667
12.856900692,1.5006334318,1.0030897856,1.6177480436
12.8673782349,1.5006334318,1.0030897856,1.6177480436
12.8768146038,2.0451359954,0.9966338277,1.7906264264
12.8869094849,2.0451359954,0.9966338277,1.7986623591
12.8967895508,2.0451359954,0.9941834211,1.8056411106
12.9067311287,2.0451359954,0.9941834211,1.8153014021
12.9167845249,2.0451359954,0.9941834211,1.8153014021
12.9268422127,1.7136817516,0.9974474907,1.7743047278
12.9368031025,1.7136817516,0.9974474907,1.7798647537
12.9471783638,1.7136817516,0.9907886982,1.791608648
12.9568507671,1.7136817516,0.9907886982,1.7973988556
12.9667472839,2.0838186539,0.9893320203,1.5865279442
12.9769711494,2.0838186539,0.9893320203,1.5725184938
12.9868409634,2.0838186539,0.9830935597,1.5472226573
12.9972851276,2.0838186539,0.9830935597,1.5362383994
13.0066847801,2.0838186539,0.9813432097,1.5265147075
13.0173339844,1.7385921137,0.9813432097,1.5710452901
13.0270097256,1.7385921137,0.9842677116,1.54945129
13.0366559029,1.7385921137,0.9842677116,1.5399056024
13.0468401909,1.7385921137,0.9819518924,1.5312968597
13.0567882061,1.7385921137,0.9819518924,1.5236788852
13.0672547817,1.4534677945,0.973174572,1.5632847178
13.0775337219,1.4534677945,0.973174572,1.5746428128
13.087364912,1.4534677945,0.9771865606,1.5798598165
13.0969090462,1.4534677945,0.9771865606,1.5888212595
13.1065852642,1.4534677945,0.9779695868,1.5888212595
13.1169674397,1.268637907,0.9779695868,1.5520278095
13.1268401146,1.268637907,0.9755323529,1.555093673
13.1367657185,1.268637907,0.9755323529,1.5603210782
13.1473104954,1.268637907,0.9755323529,1.5623284699
13.1569035053,1.8571498072,0.9759709239,1.689901184
13.1668014526,1.8571498072,0.9759709239,1.6975387558
13.1772298813,1.8571498072,0.9760008454,1.7114320758
13.1869084835,1.8571498072,0.9760008454,1.7174665566
13.1968493462,1.8571498072,0.9739992023,1.7227475796
13.2068271637,1.9278101532,0.9739992023,1.731119353
13.2170968056,1.9278101532,0.9749265909,1.7358060266
13.2267713547,1.9278101532,0.9749265909,1.7469453031
13.2367842197,1.9278101532,0.9778264165,1.7532560835
13.2468304634,1.9278101532,0.9778264165,1.7599669013
13.2568099499,1.5183182302,0.9799605608,1.7271306308
13.2667930126,1.5183182302,0.9799605608,1.7060702776
13.2766876221,1.5183182302,0.9800103903,1.6956056377
13.2865970135,1.5183182302,0.9800103903,1.6750315952
13.2974972725,1.5183182302,0.9829414487,1.6750315952
13.307164669,1.2815446004,0.9829414487,1.7226350938
13.3173351288,1.2815446004,0.9814130068,1.7276080328
13.3268554211,1.2815446004,0.9814130068,1.7373243817
13.3367242813,1.2815446004,0.9840756059,1.7419753295
13.3466887474,1.2815446004,0.9840756059,1.7419753295
13.3568558693,1.2815446004,0.9866395593,1.7419753295
13.3667683601,1.2815446004,0.9866395593,1.7419753295
13.3767440319,1.2815446004,0.9866395593,1.7419753295
13.3868393898,1.2815446004,0.9845304489,1.7419753295
13.3968188763,1.2815446004,0.9845304489,1.7419753295
13.4069981575,1.2815446004,0.988702178,1.7419753295
13.4167916775,1.2815446004,0.988702178,1.7419753295
13.4267442226,1.2815446004,0.9907531738,1.7419753295
13.4369277954,1.2815446004,0.9907531738,1.7419753295
13.4472932816,1.2815446004,0.9877199531,1.7419753295
13.457195282,1.2815446004,0.9877199531,1.7419753295
13.4670448303,1.2815446004,0.9892205,1.7419753295
13.4768722057,1.2815446004,0.9892205,1.7419753295
13.4868702888,1.2815446004,0.9954098463,1.7419753295
13.4971482754,1.2815446004,0.9954098463,1.7419753295
13.506872654,1.2815446004,0.9961189628,1.7419753295
13.5176210403,1.2815446004,0.9961189628,1.7419753295
13.5267345905,1.2815446004,0.9919379354,1.7419753295
13.5368263721,1.2815446004,0.9919379354,1.7419753295
13.5468196869,1.2815446004,0.9916558266,1.7419753295
13.556892395,1.2815446004,0.9916558266,1.7419753295
13.5667695999,1.2815446004,0.9747930765,1.7419753295
13.5768136978,1.2815446004,0.9747930765,1.7419753295
13.5871953964,1.2815446004,0.9587492943,1.7419753295
13.5968785286,1.2815446004,0.9587492943,1.7419753295
13.60688591,1.2815446004,0.9587492943,1.7419753295
13.6169528961,1.2815446004,0.9414235353,1.7419753295
13.6268775463,1.2815446004,0.9414235353,1.7419753295
13.6369307041,1.2815446004,0.9256843925,1.7419753295
13.6467409134,1.2815446004,0.9256843925,1.7419753295
13.6573617458,1.2815446004,0.9101225734,1.7419753295
13.6667456627,1.2815446004,0.9101225734,1.7419753295
13.6767699718,1.2815446004,0.8917279243,1.7419753295
13.6872141361,1.2815446004,0.8917279243,1.7419753295
13.696844101,1.2815446004,0.8748965859,1.7419753295
13.7072703838,1.2815446004,0.8748965859,1.7419753295
13.7168405056,1.2815446004,0.8617332578,1.7419753295
13.7268247604,1.2815446004,0.8617332578,1.7419753295
13.7367925644,1.2815446004,0.8406134248,1.7419753295
13.7466945648,1.2815446004,0.8406134248,1.7419753295
13.7573843002,1.2815446004,0.8198123574,1.7419753295
13.7669370174,1.2815446004,0.8198123574,1.7419753295
13.7768127918,1.2815446004,0.7999204397,1.7419753295
13.7869098186,1.2815446004,0.7999204397,1.7419753295
13.7969594002,1.2815446004,0.7758713365,1.7419753295
13.8067953587,1.2815446004,0.7758713365,1.7419753295
13.8166515827,1.2815446004,0.7758713365,1.7419753295
13.8266670704,1.2815446004,0.7524439692,1.7419753295
13.8366317749,1.2815446004,0.7524439692,1.7419753295
13.8466668129,1.2815446004,0.7303484082,1.7419753295
13.856713295,1.2815446004,0.7303484082,1.7419753295
13.8669586182,1.2815446004,0.7009920478,1.7419753295
13.876709938,1.2815446004,0.7009920478,1.7419753295
13.8869435787,1.2815446004,0.6788242459,1.7419753295
13.8967242241,1.2815446004,0.6788242459,1.7419753295
13.90700984,1.2815446004,0.6571699977,1.7419753295
13.9166777134,1.2815446004,0.6571699977,1.7419753295
13.9267969131,1.2815446004,0.6339218616,1.7419753295
13.9366807938,1.2815446004,0.6339218616,1.7419753295
13.946767807,1.2815446004,0.6123287082,1.7419753295
13.9568705559,1.2815446004,0.6123287082,1.7419753295
13.9668638706,1.2815446004,0.5916199088,1.7419753295
13.9768836498,1.2815446004,0.5916199088,1.7419753295
13.9866509438,1.2815446004,0.5682730675,1.7419753295
13.9967577457,1.2815446004,0.5682730675,1.7419753295
14.0068466663,1.2815446004,0.5436524749,1.7419753295
14.0167038441,1.2815446004,0.5436524749,1.7419753295
14.0267169476,1.2815446004,0.5436524749,1.7419753295
14.0369329453,1.2815446004,0.5207123756,1.7419753295
14.046916008,1.2815446004,0.5207123756,1.7419753295
14.0567829609,1.2815446004,0.473282814,1.7419753295
14.0668034554,1.2815446004,0.473282814,1.7419753295
14.0767970085,1.2815446004,0.4506175518,1.7419753295
14.0868170261,1.2815446004,0.4506175518,1.7419753295
14.0967423916,1.2815446004,0.4263203442,1.7419753295
14.1068253517,1.2815446004,0.4263203442,1.7419753295
14.1168851852,1.2815446004,0.4021744132,1.7419753295
14.1268332005,1.2815446004,0.4021744132,1.7419753295
14.1368675232,1.2815446004,0.3826858699,1.7419753295
14.1468808651,1.2815446004,0.3826858699,1.7419753295
14.1568546295,1.2815446004,0.3624467254,1.7419753295
14.1669499874,1.2815446004,0.3624467254,1.7419753295
14.1768550873,1.2815446004,0.3397880495,1.7419753295
14.1868391037,1.2815446004,0.3397880495,1.7419753295
14.1970243454,1.2815446004,0.319417119,1.7419753295
14.2068691254,1.2815446004,0.319417119,1.7419753295
14.2167267799,1.2815446004,0.3011756241,1.7419753295
14.2270312309,1.2815446004,0.3011756241,1.7419753295
14.236956358,1.2815446004,0.2818505168,1.7419753295
14.2467908859,1.2815446004,0.2818505168,1.7419753295
14.2568747997,1.2815446004,0.2818505168,1.7419753295
14.2666826248,1.2815446004,0.2641383708,1.7419753295
14.2768056393,1.2815446004,0.2641383708,1.7419753295
14.2867703438,1.2815446004,0.2377046198,1.7419753295
14.2967312336,1.2815446004,0.2377046198,1.7419753295
14.3074791431,1.2815446004,0.225812912,1.7419753295
14.317353487,1.2815446004,0.225812912,1.7419753295
14.3268887997,1.2815446004,0.2079856694,1.7419753295
14.3372204304,1.2815446004,0.2079856694,1.7419753295
14.3469405174,1.2815446004,0.1931620687,1.7419753295
14.3568480015,1.2815446004,0.1931620687,1.7419753295
14.3667795658,1.2815446004,0.1763719767,1.7419753295
14.3767747879,1.2815446004,0.1763719767,1.7419753295
14.3871662617,1.2815446004,0.1607528925,1.7419753295
14.3969221115,1.2815446004,0.1607528925,1.7419753295
14.407106638,1.2815446004,0.1427508444,1.7419753295
14.4169304371,1.2815446004,0.1427508444,1.7419753295
14.4267966747,1.2815446004,0.1300309747,1.7419753295
14.4367482662,1.2815446004,0.1300309747,1.7419753295
14.4468281269,1.2815446004,0.1146166548,1.7419753295
14.4569103718,1.2815446004,0.1146166548,1.7419753295
14.4668962955,1.2815446004,0.0902201682,1.7419753295
14.4767606258,1.2815446004,0.0902201682,1.7419753295
14.4867486954,1.2815446004,0.0902201682,1.7419753295
14.4970099926,1.2815446004,0.0802962631,1.7419753295
14.5068619251,1.2815446004,0.0802962631,1.7419753295
14.5170118809,1.2815446004,0.0698070079,1.7419753295
14.5267977715,1.2815446004,0.0698070079,1.7419753295
14.5367634296,1.2815446004,0.0584838912,1.7419753295
14.5467851162,1.2815446004,0.0584838912,1.7419753295
14.5568287373,1.2815446004,0.0542236902,1.7419753295
14.5669050217,1.2815446004,0.0542236902,1.7419753295
14.5768601894,1.2815446004,0.0486422554,1.7419753295
14.5864787102,1.2815446004,0.0486422554,1.7419753295
14.5967354774,1.2815446004,0.0336752869,1.7419753295
14.6069061756,1.2815446004,0.0336752869,1.7419753295
14.6168448925,1.2815446004,0.031920474,1.7419753295
14.6266791821,1.2815446004,0.031920474,1.7419753295
14.6368033886,1.2815446004,0.0272654984,1.7419753295
14.6469948292,1.2815446004,0.0272654984,1.7419753295
14.6568031311,1.2815446004,0.0211506914,1.7419753295
14.6667685509,1.2815446004,0.0211506914,1.7419753295
14.6767559052,1.2815446004,0.0182982925,1.7419753295
14.6867725849,1.2815446004,0.0182982925,1.7419753295
14.6967730522,1.2815446004,0.0182982925,1.7419753295
14.7068216801,1.2815446004,0.0180631466,1.7419753295
14.7170360088,1.2815446004,0.0180631466,1.7419753295
14.7267315388,1.2815446004,0.0167459827,1.7419753295
14.7367970943,1.2815446004,0.0167459827,1.7419753295
14.7469496727,1.2815446004,0.0111602377,1.7419753295
14.7569272518,1.2815446004,0.0111602377,1.7419753295
14.7670276165,1.2815446004,0.0115719615,1.7419753295
14.7769310474,1.2815446004,0.0115719615,1.7419753295
14.7868168354,1.2815446004,0.0086246692,1.7419753295
14.7969481945,1.2815446004,0.0086246692,1.7419753295
14.8066489697,1.2815446004,0.0086078495,1.7419753295
14.8166389465,1.2815446004,0.0086078495,1.7419753295
14.8267338276,1.2815446004,0.0066758622,1.7419753295
14.8367683887,1.2815446004,0.0066758622,1.7419753295
14.8468801975,1.2815446004,0.0056196922,1.7419753295
14.8568761349,1.2815446004,0.0056196922,1.7419753295
14.8668625355,1.2815446004,0.0043287831,1.7419753295
14.8766436577,1.2815446004,0.0043287831,1.7419753295
14.887024641,1.2815446004,0.0022687565,1.7419753295
14.8967719078,1.2815446004,0.0022687565,1.7419753295
14.9068682194,1.2815446004,0.0034696131,1.7419753295
14.9168968201,1.2815446004,0.0034696131,1.7419753295
14.9269165993,1.2815446004,0.0034696131,1.7419753295
14.9367721081,1.2815446004,0.0034239064,1.7419753295
14.9468448162,1.2815446004,0.0034239064,1.7419753295
14.9568564892,1.2815446004,0.0027276452,1.7419753295
14.9667611122,1.2815446004,0.0027276452,1.7419753295
14.976875782,1.2815446004,0.003819935,1.7419753295
14.9867954254,1.2815446004,0.003819935,1.7419753295
14.9969580173,1.2815446004,0.0008204345,1.7419753295
15.0070602894,1.2815446004,0.0008204345,1.7419753295
15.0168001652,1.2815446004,-0.0009252874,1.7419753295
15.0270981789,1.2815446004,-0.0009252874,1.7419753295
15.0367934704,1.2815446004,0.0030424555,1.7419753295
15.0468497276,1.2815446004,0.0030424555,1.7419753295
15.0566186905,1.2815446004,0.003724427,1.7419753295
15.0668346882,1.2815446004,0.003724427,1.7419753295
15.0766670704,1.2815446004,0.0005399119,1.7419753295
15.0867340565,1.2815446004,0.0005399119,1.7419753295
15.0968413353,1.2815446004,0.0023898114,1.7419753295
15.1068308353,1.2815446004,0.0023898114,1.7419753295
15.1168658733,1.2815446004,-0.0007909824,1.7419753295
15.1266787052,1.2815446004,-0.0007909824,1.7419753295
15.1367208958,1.2815446004,-0.0007909824,1.7419753295
15.1467700005,1.2815446004,0.001462517,1.7419753295
15.1568508148,1.2815446004,0.001462517,1.7419753295
15.1670510769,1.2815446004,0.000653783,1.7419753295
15.1770689487,1.2815446004,0.000653783,1.7419753295
15.1867201328,1.2815446004,0.0007246538,1.7419753295
15.1968924999,1.2815446004,0.0007246538,1.7419753295
15.2067832947,1.2815446004,0.0019859339,1.7419753295
15.2168223858,1.2815446004,0.0019859339,1.7419753295
15.2268390656,1.2815446004,0.0005317369,1.7419753295
15.2368910313,1.2815446004,0.0005317369,1.7419753295
15.2467191219,1.2815446004,9.42764163482934E-005,1.7419753295
15.2567439079,1.2815446004,9.42764163482934E-005,1.7419753295
15.266769886,1.2815446004,0.0005733702,1.7419753295
15.2768127918,1.2815446004,0.0005733702,1.7419753295
15.2868421078,1.2815446004,0.0008659645,1.7419753295
15.2967708111,1.2815446004,0.0008659645,1.7419753295
15.3067467213,1.2815446004,0.00123747,1.7419753295
15.3168540001,1.2815446004,0.00123747,1.7419753295
15.3267045021,1.2815446004,-0.0001177934,1.7419753295
15.3368070126,1.2815446004,-0.0001177934,1.7419753295
15.3468351364,1.2815446004,-0.0028545097,1.7419753295
15.3569133282,1.2815446004,-0.0028545097,1.7419753295
15.3667294979,1.2815446004,-0.0028545097,1.7419753295
15.376999855,1.2815446004,0.0009252021,1.7419753295
15.3865423203,1.2815446004,0.0009252021,1.7419753295
15.3968544006,1.2815446004,0.0010491234,1.7419753295
15.4068245888,1.2815446004,0.0010491234,1.7419753295
15.4166922569,1.2815446004,-0.000150708,1.7419753295
15.4269578457,1.2815446004,-0.000150708,1.7419753295
15.4368000031,1.2815446004,-0.001648667,1.7419753295
15.4468104839,1.2815446004,-0.001648667,1.7419753295
15.4567108154,1.2815446004,0.0011143049,1.7419753295
15.4667212963,1.2815446004,0.0011143049,1.7419753295
15.4769091606,1.2815446004,-0.0008628354,1.7419753295
15.4868173599,1.2815446004,-0.0008628354,1.7419753295
15.4968738556,1.2815446004,0.0010947958,1.7419753295
15.5072498322,1.2815446004,0.0010947958,1.7419753295
15.5167374611,1.2815446004,-0.0014230488,1.7419753295
15.5269315243,1.2815446004,-0.0014230488,1.7419753295
15.5368449688,1.2815446004,-0.0011150021,1.7419753295
15.5470333099,1.2815446004,-0.0011150021,1.7419753295
15.5567514896,1.2815446004,0.0008084915,1.7419753295
15.5668940544,1.2815446004,0.0008084915,1.7419753295
15.5774354935,1.2815446004,-0.000855214,1.7419753295
15.5868763924,1.2815446004,-0.000855214,1.7419753295
15.5970423222,1.2815446004,-0.000855214,1.7419753295
15.6072719097,1.2815446004,0.0019204993,1.7419753295
15.6168577671,1.2815446004,0.0019204993,1.7419753295
15.626843214,1.2815446004,-2.81333268503658E-005,1.7419753295
15.6367361546,1.2815446004,-2.81333268503658E-005,1.7419753295
15.6473553181,1.2815446004,0.0009026492,1.7419753295
15.6572344303,1.2815446004,0.0009026492,1.7419753295
15.6673042774,1.2815446004,5.30561374034733E-005,1.7419753295
15.6768989563,1.2815446004,5.30561374034733E-005,1.7419753295
15.6871051788,1.2815446004,-0.0006916784,1.7419753295
15.6968357563,1.2815446004,-0.0006916784,1.7419753295
15.7068018913,1.2815446004,-0.0006282957,1.7419753295
15.7170319557,1.2815446004,-0.0006282957,1.7419753295
15.7271704674,1.2815446004,9.17422585189343E-005,1.7419753295
15.7370913029,1.2815446004,9.17422585189343E-005,1.7419753295
15.7468168736,1.2815446004,-0.001567226,1.7419753295
15.7568972111,1.2815446004,-0.001567226,1.7419753295
15.7668373585,1.2815446004,0.0003078091,1.7419753295
15.7769749165,1.2815446004,0.0003078091,1.7419753295
15.7866556644,1.2815446004,-5.62642962904647E-005,1.7419753295
15.7968037128,1.2815446004,-5.62642962904647E-005,1.7419753295
15.8070287704,1.2815446004,-5.62642962904647E-005,1.7419753295
15.8168542385,1.2815446004,0.0002361221,1.7419753295
15.8268356323,1.2815446004,0.0002361221,1.7419753295
15.8369376659,1.2815446004,0.0007339207,1.7419753295
15.8470768929,1.2815446004,0.0007339207,1.7419753295
15.8566226959,1.2815446004,-0.001800354,1.7419753295
15.8669331074,1.2815446004,-0.001800354,1.7419753295
15.8780524731,1.2815446004,0.0024004064,1.7419753295
15.8868291378,1.2815446004,0.0024004064,1.7419753295
15.8968439102,1.2815446004,0.0003007817,1.7419753295
15.9070563316,1.2815446004,0.0003007817,1.7419753295
15.9166483879,1.2815446004,0.0001149965,1.7419753295
15.9267861843,1.2815446004,0.0001149965,1.7419753295
15.937076807,1.2815446004,-0.0002731279,1.7419753295
15.9468467236,1.2815446004,-0.0002731279,1.7419753295
15.9574098587,1.2815446004,-0.0014486604,1.7419753295
15.9674212933,1.2815446004,-0.0014486604,1.7419753295
15.9767665863,1.2815446004,0.0001598424,1.7419753295
15.9870421886,1.2815446004,0.0001598424,1.7419753295
15.9974443913,1.2815446004,0.0002297745,1.7419753295
16.0069224834,1.2815446004,0.0002297745,1.7419753295
16.0174622536,1.2815446004,-0.0006733446,1.7419753295
16.0268368721,1.2815446004,-0.0006733446,1.7419753295
16.0367155075,1.2815446004,-0.0006733446,1.7419753295
16.0470778942,1.2815446004,0.0007758017,1.7419753295
16.0566995144,1.2815446004,0.0007758017,1.7419753295
16.0667865276,1.2815446004,-0.0002817795,1.7419753295
16.0768594742,1.2815446004,-0.0002817795,1.7419753295
16.0870466232,1.2815446004,0.0001695013,1.7419753295
16.0968248844,1.2815446004,0.0001695013,1.7419753295
16.1067485809,1.2815446004,-0.000504064,1.7419753295
16.1167597771,1.2815446004,-0.000504064,1.7419753295
16.1268336773,1.2815446004,-0.002450923,1.7419753295
16.1370065212,1.2815446004,-0.002450923,1.7419753295
16.1470639706,1.2815446004,0.0003185494,1.7419753295
16.1567203999,1.2815446004,0.0003185494,1.7419753295
16.1668272018,1.2815446004,0.00236594,1.7419753295
16.176964283,1.2815446004,0.00236594,1.7419753295
16.1868972778,1.2815446004,0.0004606335,1.7419753295
16.1970527172,1.2815446004,0.0004606335,1.7419753295
16.2066836357,1.2815446004,3.79042394342832E-005,1.7419753295
16.2170038223,1.2815446004,3.79042394342832E-005,1.7419753295
16.2273130417,1.2815446004,-0.0007777549,1.7419753295
16.2369682789,1.2815446004,-0.0007777549,1.7419753295
16.2471921444,1.2815446004,-0.0003854771,1.7419753295
16.2566463947,1.2815446004,-0.0003854771,1.7419753295
16.2667682171,1.2815446004,-0.0003854771,1.7419753295
16.2768218517,1.2815446004,0.0012369063,1.7419753295
16.2869210243,1.2815446004,0.0012369063,1.7419753295
16.2967734337,1.2815446004,-0.0016121627,1.7419753295
16.3067443371,1.2815446004,-0.0016121627,1.7419753295
16.3168616295,1.2815446004,0.0005035126,1.7419753295
16.3268718719,1.2815446004,0.0005035126,1.7419753295
16.336663723,1.2815446004,-0.0014400645,1.7419753295
16.3466253281,1.2815446004,-0.0014400645,1.7419753295
16.3570435047,1.2815446004,0.0023053968,1.7419753295
16.3668110371,1.2815446004,0.0023053968,1.7419753295
16.376894474,1.2815446004,0.0012869057,1.7419753295
16.3870441914,1.2815446004,0.0012869057,1.7419753295
16.3966963291,1.2815446004,0.0005638587,1.7419753295
16.4072091579,1.2815446004,0.0005638587,1.7419753295
16.4170563221,1.2815446004,0.0001019434,1.7419753295
16.4270310402,1.2815446004,0.0001019434,1.7419753295
16.4367794991,1.2815446004,0.0011530042,1.7419753295
16.4468915462,1.2815446004,0.0011530042,1.7419753295
16.4569852352,1.2815446004,-0.0001546463,1.7419753295
16.4669346809,1.2815446004,-0.0001546463,1.7419753295
16.4766952991,1.2815446004,-0.0001546463,1.7419753295
16.4868071079,1.2815446004,0.0001509946,1.7419753295
16.4971847534,1.2815446004,0.0001509946,1.7419753295
16.5073232651,1.2815446004,-0.0010945373,1.7419753295
16.5175926685,1.2815446004,-0.0010945373,1.7419753295
16.5267686844,1.2815446004,4.25894177169539E-006,1.7419753295
16.5373370647,1.2815446004,4.25894177169539E-006,1.7419753295
16.5469100475,1.2815446004,-0.0011003901,1.7419753295
16.5568652153,1.2815446004,-0.0011003901,1.7419753295
16.5666279793,1.2815446004,-0.000786517,1.7419753295
16.5768580437,1.2815446004,-0.000786517,1.7419753295
16.5868153572,1.2815446004,-0.0013248157,1.7419753295
16.5969386101,1.2815446004,-0.0013248157,1.7419753295
16.606767416,1.2815446004,0.0015865773,1.7419753295
16.6171290874,1.2815446004,0.0015865773,1.7419753295
16.6268348694,1.2815446004,-8.18996850284748E-005,1.7419753295
16.636885643,1.2815446004,-8.18996850284748E-005,1.7419753295
16.6467375755,1.2815446004,-0.000061988,1.7419753295
16.6568744183,1.2815446004,-0.000061988,1.7419753295
16.667027235,1.2815446004,0.0002802807,1.7419753295
16.6768045425,1.2815446004,0.0002802807,1.7419753295
16.6867754459,1.2815446004,0.0002802807,1.7419753295
16.6969313622,1.2815446004,-0.0013656408,1.7419753295
16.7067716122,1.2815446004,-0.0013656408,1.7419753295
16.7168970108,1.2815446004,-0.0003417601,1.7419753295
16.7276945114,1.2815446004,-0.0003417601,1.7419753295
16.7371120453,1.2815446004,0.0013892704,1.7419753295
16.7469701767,1.2815446004,0.0013892704,1.7419753295
16.7574102879,1.2815446004,0.0010506583,1.7419753295
16.7670333385,1.2815446004,0.0010506583,1.7419753295
16.7767961025,1.2815446004,0.0001277335,1.7419753295
16.787050724,1.2815446004,0.0001277335,1.7419753295
16.7974159718,1.2815446004,0.0001277335,1.7419753295
