0,0,0.000237143,0
0.0091173649,0,0.000237143,0
0.0191912651,0,0.000237143,0
0.0291962624,0,0.000237143,0
0.0389993191,0,0.000237143,0
0.0490970612,0,0.000237143,0
0.0591490269,0,0.000237143,0
0.0691401958,0,0.000237143,0
0.0791070461,0,0.000237143,0
0.0892865658,0,0.000237143,0
0.0996499062,0,0.000237143,0
0.1089789867,0,0.000237143,0
0.1191961765,0,-0.0017592482,0
0.1292412281,0,-0.0017592482,0
0.1391232014,0,0.0023604163,0
0.1492655277,0,0.0023604163,0
0.1590275764,0,0.0008803649,0
0.1692922115,0,0.0008803649,0
0.1791350842,0,-0.0001568803,0
0.189095974,0,-0.0001568803,0
0.1992325783,0,-0.0023961272,0
0.209218502,0,-0.0023961272,0
0.2191264629,0,0.0009311603,0
0.229183197,0,0.0009311603,0
0.2391252518,0,0.0023935551,0
0.2491328716,0,0.0023935551,0
0.2591364384,0,0.0023935551,0
0.2695753574,0,0.0015939396,0
0.27906394,0,0.0015939396,0
0.2892138958,0,-0.0010139522,0
0.2992367744,0,-0.0010139522,0
0.3092365265,0,-0.0002950414,0
0.3192000389,0,-0.0002950414,0
0.3295924664,0,-0.0003974529,0
0.3391869068,0,-0.0003974529,0
0.3493263721,0,-0.0006733668,0
0.359266758,0,-0.0006733668,0
0.369666338,0,-0.0001463271,0
0.3797297478,0,-0.0001463271,0
0.3890018463,0,-0.0004139934,0
0.3991775513,0,-0.0004139934,0
0.4092328548,0,-0.0010393221,0
0.4193379879,0,-0.0010393221,0
0.4292097092,0,-0.0016071959,0
0.43912673,0,-0.0016071959,0
0.4494140148,0,7.21113929103012E-006,0
0.4593052864,0,7.21113929103012E-006,0
0.469499588,0,0.0013708647,0
0.4789681435,0,0.0013708647,0
0.4890832901,0,0.0013708647,0
0.4991550446,0,0.0032594879,0
0.5090706348,0,0.0032594879,0
0.5191915035,0,-0.0005367526,0
0.5293574333,0,-0.0005367526,0
0.5392210484,0,-0.0010606044,0
0.5492947102,0,-0.0010606044,0
0.5591161251,0,-0.0005251802,0
0.5691742897,0,-0.0005251802,0
0.5793273449,0,-0.0004488016,0
0.5891034603,0,-0.0004488016,0
0.5991168022,0,-0.0017245659,0
0.6094124317,0,-0.0017245659,0
0.6198801994,0,0.0003008019,0
0.6291680336,0,0.0003008019,0
0.6394121647,0,-0.0015842591,0
0.6494562626,0,-0.0015842591,0
0.6593358517,0,0.000610318,0
0.6692092419,0,0.000610318,0
0.6792213917,0,-0.0001254994,0
0.6893162727,0,-0.0001254994,0
0.6992008686,0,0.0041859788,0
0.7094607353,0,0.0041859788,0
0.7191553116,0,0.0041859788,0
0.7296507359,0,0.0005459234,0
0.7391197681,0,0.0005459234,0
0.7494549751,0,0.000014389,0
0.7591695786,0,0.000014389,0
0.7691786289,0,0.0007251177,0
0.7793295383,0,0.0007251177,0
0.7894508839,0,-0.0010808016,0
0.7991542816,0,-0.0010808016,0
0.8090212345,0,-0.0009834598,0
0.8195688725,0,-0.0009834598,0
0.8291194439,0,-0.0007924882,0
0.8390464783,0,-0.0007924882,0
0.8493540287,0,-0.0023912454,0
0.8590824604,0,-0.0023912454,0
0.8693315983,0,0.001123368,0
0.8792109489,0,0.001123368,0
0.8891963959,0,0.0005198827,0
0.8991212845,0,0.0005198827,0
0.9090995789,0,-0.001224669,0
0.9191417694,0,-0.001224669,0
0.9290184975,0,0.0010593346,0
0.9392073154,0,0.0010593346,0
0.9490215778,0,0.0010593346,0
0.960003376,0,0.0015449339,0
0.9691374302,0,0.0015449339,0
0.9790575504,0,0.0014645843,0
0.9895834923,0,0.0014645843,0
0.9992096424,0,-0.0005133547,0
1.0095114708,0,-0.0005133547,0
1.0189092159,0,-0.0020838531,0
1.0290813446,0,-0.0020838531,0
1.039206028,0,-0.0025024775,0
1.049172163,0,-0.0025024775,0
1.0592331886,0,0.0021642391,0
1.0690481663,0,0.0021642391,0
1.0792043209,0,0.0016565216,0
1.0893242359,0,0.0016565216,0
1.0992872715,0,-0.0013025908,0
1.1091287136,3.2714298981,-0.0013025908,3.0187183063
1.1192207336,3.2714298981,-0.0008878313,3.0187164768
1.1294193268,3.2714298981,-0.0008878313,3.0187151387
1.1390948296,3.2714298981,0.0023018497,3.0187119261
1.1492753029,3.2714298981,0.0023018497,3.0187119261
1.159257412,2.8094079493,0.0004268918,3.0012133837
1.1689600945,2.8094079493,0.0004268918,2.9949116633
1.1792781353,2.8094079493,0.0004268918,2.9828234877
1.189722538,2.8094079493,0.0004906025,2.9770212929
1.1996452808,2.3641927562,0.0004906025,3.018373155
1.2094118595,2.3641927562,-0.0031438132,3.0304526266
1.2193109989,2.3641927562,-0.0031438132,3.0365348724
1.229249239,2.3641927562,-0.0006662761,3.0487948089
1.2394185066,2.3641927562,-0.0006662761,3.0487948089
1.2493684292,2.4262442805,-0.0008980007,3.0690289088
1.2593359947,2.4262442805,-0.0008980007,3.089170299
1.269516468,2.4262442805,0.0007944904,3.0993703877
1.2791583538,2.4262442805,0.0007944904,3.109660557
1.2894244194,1.9380284905,0.00147479,3.0547020751
1.2999076843,1.9380284905,0.00147479,3.0096870878
1.3092775345,1.9380284905,-0.0009273258,2.988210243
1.3194434643,1.9380284905,-0.0009273258,2.9474789376
1.329107523,1.9380284905,-0.0003003424,2.9474789376
1.3393051624,1.7985038836,-0.0003003424,2.9529709438
1.3494639397,1.7985038836,0.000200049,2.921263159
1.3592991829,1.7985038836,0.000200049,2.906127207
1.3691065311,1.7985038836,0.0001135468,2.8915083673
1.3794193268,1.4210724741,0.0001135468,2.9688311316
1.3891885281,1.4210724741,0.000994693,2.9714063246
1.3992156982,1.4210724741,0.000994693,2.973103244
1.4092662334,1.4210724741,0.000994693,2.9772682506
1.4194102287,1.4210724741,0.0010329044,2.9772682506
1.4291880131,1.1177962868,0.0010329044,2.9781548385
1.4392180443,1.1177962868,0.0002710511,2.9965435923
1.4492058754,1.1177962868,0.0002710511,3.00574426
1.4597406387,1.1177962868,-0.0006258255,3.0149577089
1.4692308903,1.1404191669,-0.0006258255,3.0563843389
1.4792182446,1.1404191669,0.0005253863,3.0802061524
1.4894208908,1.1404191669,0.0005253863,3.0922734753
1.4991128445,1.1404191669,-0.0010830879,3.1167067464
1.5091953278,1.1404191669,-0.0010830879,3.1167067464
1.5191483498,0.8948046444,0.0012689435,3.0666248307
1.5290663242,0.8948046444,0.0012689435,3.076697395
1.5391771793,0.8948046444,-0.0008902901,3.0966165737
1.5492246151,0.8948046444,-0.0008902901,3.1064164972
1.5593001842,0.7014795178,-0.0002354113,3.0564782977
1.5691275597,0.7014795178,-0.0002354113,3.0462960863
1.5789380074,0.7014795178,-0.000949792,3.0405277874
1.5890014172,0.7014795178,-0.000949792,3.0277337868
1.5992953777,0.7014795178,-0.0011792399,3.0277337868
1.6092131138,0.5500539333,-0.0011792399,3.0495779374
1.6191627979,0.5500539333,-0.0005191545,3.0362511533
1.6290996075,0.5500539333,-0.0005191545,3.0297801432
1.6392505169,0.5500539333,-0.0005191545,3.0234871113
1.6491305828,0.4311311745,-0.002443196,3.0563621939
1.6591866016,0.4311311745,-0.002443196,3.0564043758
1.6695547104,0.4311311745,0.0009010066,3.0570527426
1.6795094013,0.4311311745,0.0009010066,3.0595768443
1.6892037392,0.4311311745,-0.0002235042,3.0595768443
1.6993997097,0.3379115525,-0.0002235042,3.0605109651
1.7092404366,0.3379115525,0.0033719908,3.0689717131
1.719148159,0.3379115525,0.0033719908,3.0732904256
1.7294080257,0.3379115525,0.0024892641,3.0776276472
1.7397112846,0.5750629827,0.0024892641,2.9799546845
1.7493746281,0.5750629827,-0.0009967259,2.969272792
1.7593111992,0.5750629827,-0.0009967259,2.9640253497
1.7697341442,0.5750629827,0.000734435,2.9537450188
1.7789726257,0.5750629827,0.000734435,2.9537450188
1.7893853188,0.7344069162,-0.0017306998,3.0858871122
1.7993876934,0.7344069162,-0.0017306998,3.1047955335
1.8091144562,0.7344069162,-0.0008293536,3.1142053596
1.8192451,0.7344069162,-0.0008293536,3.1235675465
1.8295032978,0.5883168581,0.0007366973,3.0752612166
1.839202404,0.5883168581,0.0007366973,3.0709724196
1.8493058681,0.5883168581,0.0006229287,3.0686633063
1.8591575623,0.5883168581,0.0006229287,3.0637629534
1.869107008,0.5883168581,0.0006229287,3.0637629534
1.8791470528,0.485691622,-0.002660793,3.06371562
1.8892703056,0.485691622,-0.002660793,3.0541525481
1.8990416527,0.485691622,0.0021537778,3.0494940368
1.9092633724,0.485691622,0.0021537778,3.0449232852
1.9189581871,0.4295502951,0.0026831254,3.063211891
1.9294071198,0.4295502951,0.0026831254,3.0612451312
1.9392187595,0.4295502951,0.0002654743,3.0603919328
1.9494199753,0.4295502951,0.0002654743,3.0589961701
1.9593269825,0.4295502951,-0.0020984635,3.0589961701
1.9690659046,0.3367436452,-0.0020984635,3.0655418138
1.9791901112,0.3367436452,-0.0004487105,3.0702451463
1.9890031815,0.3367436452,-0.0004487105,3.0726693461
1.9989461899,0.3367436452,-0.0020712803,3.0751378574
2.0089988708,0.2695376993,-0.0020712803,3.0626714005
2.0191113949,0.2695376993,0.0020518913,3.0670805122
2.0291793346,0.2695376993,0.0020518913,3.0692470472
2.0393509865,0.2695376993,0.000026178,3.0734565195
2.0495586395,0.2695376993,0.000026178,3.0734565195
2.0589606762,0.2522654752,-0.0004716806,3.0682026414
2.0700223446,0.2522654752,-0.0004716806,3.0698853502
2.0792019367,0.2522654752,-0.001137052,3.0705112486
2.0891785622,0.2522654752,-0.001137052,3.0709830586
2.0995643139,0.231415226,0.0002563297,3.0792259004
2.1091196537,0.231415226,0.0002563297,3.0793616304
2.119289875,0.231415226,0.0002563297,3.0791629883
2.1292307377,0.231415226,-0.001225881,3.078195997
2.1394536495,0.231415226,-0.001225881,3.078195997
2.1495070457,0.2570408289,-0.0013050416,3.0555903313
2.1592123508,0.2570408289,-0.0013050416,3.0531015388
2.1693894863,0.2570408289,-0.0020456659,3.0522420109
2.1793653965,0.2570408289,-0.0020456659,3.0516798618
2.18937397,0.2241849652,0.0011156496,3.0582781638
2.199236393,0.2241849652,0.0011156496,3.0564476434
2.2091722488,0.2241849652,0.0021129169,3.0550366793
2.2192587852,0.2241849652,0.0021129169,3.0513565122
2.2301125526,0.1944957877,0.0010140659,3.0588225478
2.2394757271,0.1944957877,0.0010140659,3.0596038813
2.2492291927,0.1944957877,-0.0007221083,3.0604062944
2.259761095,0.1944957877,-0.0007221083,3.0604253045
2.2692396641,0.1944957877,-0.0026507655,3.0601937915
2.279835701,0.1974940711,-0.0026507655,3.0448369991
2.2892353535,0.1974940711,0.0003697288,3.0422752493
2.2992501259,0.1974940711,0.0003697288,3.0407796663
2.3092341423,0.1974940711,0.0027542389,3.0373979704
2.3192949295,0.1974940711,0.0027542389,3.0373979704
2.3292229176,0.1822030643,0.0027542389,3.0485656397
2.3391416073,0.1822030643,0.0007763437,3.0473453274
2.3493914604,0.1822030643,0.0007763437,3.046534498
2.3596162796,0.1822030643,0.0008736064,3.045591993
2.3694219589,0.1701443573,0.0008736064,3.044783826
2.3792948723,0.1701443573,-0.000821824,3.0451273065
2.3895189762,0.1701443573,-0.000821824,3.0456565117
2.3998363018,0.1701443573,0.0001883374,3.047427816
2.4098582268,0.2381229875,0.0001883374,3.0594659454
2.4192740917,0.2381229875,-0.0006258315,3.0601202318
2.4293260574,0.2381229875,-0.0006258315,3.0609324562
2.4392433167,0.2381229875,0.0014551247,3.0610912279
2.4491946697,0.2381229875,0.0014551247,3.0610878088
2.4592199326,0.2160977182,0.0004389676,3.0556335926
2.469625473,0.2160977182,0.0004389676,3.0541509214
2.4795436859,0.2160977182,-0.0002779725,3.0532813917
2.4892113209,0.2160977182,-0.0002779725,3.0513003305
2.4994347095,0.2160977182,-0.0003980256,3.0513003305
2.5094058514,0.1693374982,-0.0003980256,3.0547619786
2.5193626881,0.1693374982,-0.002272031,3.0528195186
2.529102087,0.1693374982,-0.002272031,3.0517254055
2.5392928123,0.1693374982,0.001525456,3.0505520789
2.5492527485,0.1577250452,0.001525456,3.0485766941
2.5593459606,0.1577250452,-0.0017515119,3.045163337
2.5692727566,0.1577250452,-0.0017515119,3.0435913816
2.5792889595,0.1577250452,-0.0017515119,3.0407554537
2.5900435448,0.1508365352,0.0010704704,3.0476695139
2.5996336937,0.1508365352,0.0010704704,3.0471232501
2.6090657711,0.1508365352,-0.0023623994,3.0467199106
2.6193265915,0.1508365352,-0.0023623994,3.0463419461
2.6291029453,0.1508365352,-0.0003703948,3.0463643507
2.6390280724,0.1215261294,-0.0003703948,3.0433584723
2.6493971348,0.1215261294,0.0021743102,3.0417273634
2.6598365307,0.1215261294,0.0021743102,3.0408152498
2.669305563,0.1215261294,0.000088461,3.0388072742
2.6791446209,0.1215261294,0.000088461,3.0388072742
2.6896951199,0.1222563279,-0.0001879162,3.0426074599
2.6995487213,0.1222563279,-0.0001879162,3.0422632092
2.7093360424,0.1222563279,-0.0003487408,3.0421034772
2.7192513943,0.1222563279,-0.0003487408,3.041952005
2.7292273045,0.1342393971,0.002394984,3.046037739
2.7393169403,0.1342393971,0.002394984,3.0468137643
2.7492282391,0.1342393971,0.0008840509,3.0472899302
2.7592117786,0.1342393971,0.0008840509,3.0484160554
2.7691352367,0.1342393971,-0.0013514927,3.0484160554
2.7800343037,0.1156901921,-0.0013514927,3.0405506408
2.7901268005,0.1156901921,-0.0013289816,3.0371002945
2.7994904518,0.1156901921,-0.0013289816,3.0353759963
2.8095891476,0.1156901921,-0.0013289816,3.0336527343
2.8191914558,0.1191047775,0.0002300362,3.0441186866
2.8292140961,0.1191047775,0.0002300362,3.0447337328
2.839359045,0.1191047775,0.0002266458,3.0451354275
2.8493139744,0.1191047775,0.0002266458,3.0461267608
2.8593552113,0.1191047775,-0.0001738913,3.0461267608
2.869238615,0.1533179195,-0.0001738913,3.0346790007
2.8790619373,0.1533179195,-0.0015159249,3.0339465782
2.8891437054,0.1533179195,-0.0015159249,3.0323562581
2.9002709389,0.1533179195,0.0009189821,3.0314971076
2.9091410637,0.201037021,0.0009189821,3.0129383076
2.9192066193,0.201037021,1.48623830682482E-005,3.0096008238
2.9296336174,0.201037021,1.48623830682482E-005,3.0079084417
2.9397377968,0.201037021,-0.0002775315,3.0044797975
2.9497463703,0.201037021,-0.0002775315,3.0044797975
2.9592833519,0.2350894842,0.0011795671,3.01236071
2.9698755741,0.2350894842,0.0011795671,3.0122134318
2.9791622162,0.2350894842,0.00005405,3.0122009121
2.9890434742,0.2350894842,0.00005405,3.0122308591
2.9992005825,0.2689270931,0.000600084,2.9876738511
3.0090939999,0.2689270931,0.000600084,2.9811074799
3.0192759037,0.2689270931,0.0056256177,2.977830933
3.0293574333,0.2689270931,0.0056256177,2.9713019697
3.0398423672,0.2796685627,0.0056256177,2.9846474829
3.0491867065,0.2796685627,0.0071189404,2.9839573539
3.0591771603,0.2796685627,0.0071189404,2.9829857112
3.0692167282,0.2796685627,0.0078252601,2.9827107393
3.0792276859,0.2796685627,0.0078252601,2.98258037
3.0899751186,0.4389946287,0.0133607239,2.8420989217
3.0992209911,0.4389946287,0.0133607239,2.8258907641
3.1092176437,0.4389946287,0.0135318739,2.8179169366
3.1192185879,0.4389946287,0.0135318739,2.8022831818
3.1298511028,0.3982132024,0.0104582421,2.8127750004
3.1392838955,0.3982132024,0.0104582421,2.8076884051
3.149620533,0.3982132024,0.0121085839,2.7983234575
3.1590805054,0.3982132024,0.0121085839,2.7940651229
3.1694002151,0.3982132024,0.0157017671,2.7901022015
3.1794621944,0.4154230769,0.0157017671,2.7765020677
3.1897485256,0.4154230769,0.0195497479,2.7688313838
3.1993567944,0.4154230769,0.0195497479,2.7649337045
3.2092373371,0.4154230769,0.0248480737,2.7570142198
3.2192363739,0.4154230769,0.0248480737,2.7570142198
3.2297255993,0.4320436598,0.0264589675,2.7489708958
3.2394299507,0.4320436598,0.0264589675,2.7435289949
3.2493605614,0.4320436598,0.0323621333,2.7408108075
3.2591412067,0.4320436598,0.0323621333,2.7380948524
3.2697684765,0.4790524292,0.0323621333,2.6992981032
3.2791950703,0.4790524292,0.0377091542,2.6893453614
3.2892708778,0.4790524292,0.0377091542,2.6843528128
3.2991547585,0.4790524292,0.043802239,2.6743353827
3.3099749088,0.4890407627,0.043802239,2.6531990533
3.3193547726,0.4890407627,0.057793308,2.6442744912
3.3292655945,0.4890407627,0.057793308,2.6263338621
3.3391573429,0.4890407627,0.0641096011,2.6173197717
3.3495182991,0.4890407627,0.0641096011,2.6082778248
3.3598542213,0.4938533164,0.0763648152,2.5953956462
3.3691241741,0.4938533164,0.0763648152,2.578482086
3.3792533875,0.4938533164,0.0907626972,2.5700945997
3.3892166615,0.4938533164,0.0907626972,2.5534693951
3.399132967,0.4938533164,0.1058462709,2.5534693951
3.4094176292,0.451730795,0.1058462709,2.5469488608
3.4192838669,0.451730795,0.1267615408,2.5304925495
3.4291899204,0.451730795,0.1267615408,2.5223223603
3.4390518665,0.451730795,0.1436433643,2.5141933134
3.4493825436,0.46079366,0.1436433643,2.5001660282
3.4591977596,0.46079366,0.1655252576,2.4814751638
3.4697043896,0.46079366,0.1655252576,2.472162149
3.4792354107,0.46079366,0.1870714873,2.4536061772
3.4892354012,0.46079366,0.1870714873,2.4536061772
3.4993164539,0.4366350565,0.1870714873,2.431844785
3.5093634129,0.4366350565,0.2127689719,2.4125372106
3.5191950798,0.4366350565,0.2127689719,2.4028790038
3.5296301842,0.4366350565,0.2380194962,2.3932187459
3.5391666889,0.4905627112,0.2380194962,2.3625711535
3.5495455265,0.4905627112,0.2685852051,2.3402347705
3.559387207,0.4905627112,0.2685852051,2.3290263976
3.5699658394,0.4905627112,0.2954021096,2.3065315126
3.5792150497,0.4905627112,0.2954021096,2.3065315126
3.5898761749,0.4948985842,0.3242810071,2.3164964194
3.5993061066,0.4948985842,0.3242810071,2.3015934316
3.6094899178,0.4948985842,0.3535425663,2.2942818146
3.6192805767,0.4948985842,0.3535425663,2.2870625088
3.6298427582,0.4718854645,0.3853978813,2.2629435141
3.6391808987,0.4718854645,0.3853978813,2.2408512956
3.6490962505,0.4718854645,0.4152044952,2.2296431886
3.6591975689,0.4718854645,0.4152044952,2.2069252588
3.6692240238,0.4718854645,0.444001466,2.2069252588
3.6789634228,0.4671900386,0.444001466,2.1985842354
3.6892802715,0.4671900386,0.4764437377,2.1762557387
3.6994762421,0.4671900386,0.4764437377,2.165030282
3.7091655731,0.4671900386,0.512655139,2.1537714595
3.7195212841,0.5102694645,0.512655139,2.144737013
3.7292480469,0.5102694645,0.512655139,2.1263770921
3.7391586304,0.5102694645,0.544146955,2.1172731088
3.7491323948,0.5102694645,0.544146955,2.099162124
3.7594349384,0.5102694645,0.5724111795,2.099162124
3.7694244385,0.5455302695,0.5724111795,1.9497774609
3.7797007561,0.5455302695,0.6052843332,1.9157914637
3.7890915871,0.5455302695,0.6052843332,1.8987005305
3.7998707294,0.5455302695,0.6359432936,1.8815742606
3.8098883629,0.5012416425,0.6359432936,1.9236154741
3.8191888332,0.5012416425,0.662735045,1.8955797825
3.8297410011,0.5012416425,0.662735045,1.8816124301
3.8393073082,0.5012416425,0.683375895,1.8538474304
3.8493597507,0.5012416425,0.683375895,1.8538474304
3.8597455025,0.5423537151,0.7148378491,1.8110069911
3.8698310852,0.5423537151,0.7148378491,1.7838010922
3.8798851967,0.5423537151,0.7426260114,1.7703526474
3.8894264698,0.5423537151,0.7426260114,1.7570197829
3.899885416,0.4792505293,0.7668483257,1.7974501921
3.9099724293,0.4792505293,0.7668483257,1.773839099
3.9191675186,0.4792505293,0.7887582183,1.7619683991
3.9298870564,0.4792505293,0.7887582183,1.7381238025
3.9399867058,0.5024481298,0.8128675222,1.7260757739
3.9494566917,0.5024481298,0.8128675222,1.7169264956
3.9597327709,0.5024481298,0.8128675222,1.6992247011
3.9692380428,0.5024481298,0.8336159587,1.6906613543
3.9793002605,0.5024481298,0.8336159587,1.6822819465
3.9891662598,0.5851387069,0.8507094383,1.6505328505
3.9997406006,0.5851387069,0.8507094383,1.6362306646
4.0096063614,0.5851387069,0.8684605956,1.629177835
4.0196273327,0.5851387069,0.8684605956,1.6152158215
4.0294258595,0.5851387069,0.8820112944,1.6152158215
4.0394608974,0.492569023,0.8820112944,1.6005074743
4.0491948128,0.492569023,0.894785583,1.5774843988
4.0591363907,0.492569023,0.894785583,1.566126614
4.0693249702,0.492569023,0.917878449,1.5549023664
4.0796160698,0.5182349653,0.917878449,1.5551832629
4.0897860527,0.5182349653,0.927568078,1.540773692
4.0990490913,0.5182349653,0.927568078,1.5335249231
4.1093699932,0.5182349653,0.9328357577,1.5187946146
4.1191794872,0.5182349653,0.9328357577,1.5187946146
4.1294591427,0.539884349,0.946909368,1.4972172027
4.1392903328,0.539884349,0.946909368,1.4843517376
4.1493003368,0.539884349,0.9549134374,1.4777881917
4.1592657566,0.539884349,0.9549134374,1.4711335294
4.1698195934,0.5512856677,0.9604833126,1.4584604305
4.1799721718,0.5512856677,0.9604833126,1.4452558792
4.1893692017,0.5512856677,0.9604833126,1.4386700469
4.1993663311,0.5512856677,0.9673681259,1.425462685
4.2096316814,0.5512856677,0.9673681259,1.425462685
4.219388485,0.5200211495,0.9659015536,1.4227359812
4.2291791439,0.5200211495,0.9659015536,1.4123565175
4.2391934395,0.5200211495,0.9756455421,1.4072991507
4.2492966652,0.5200211495,0.9756455421,1.4023177562
4.2591793537,0.4980509921,0.9747452736,1.3865003487
4.2694728374,0.4980509921,0.9747452736,1.3718870045
4.2792818546,0.4980509921,0.9800776839,1.3646983455
4.2891497612,0.4980509921,0.9800776839,1.3505676574
4.2989413738,0.4980509921,0.9799548388,1.3505676574
4.3100161552,0.5116610135,0.9799548388,1.3259648392
4.3193073273,0.5116610135,0.9837911129,1.3111385744
4.3292815685,0.5116610135,0.9837911129,1.3038388065
4.3391041756,0.5116610135,0.9822870493,1.2966166639
4.3494026661,0.5014451885,0.9822870493,1.317124298
4.3593254089,0.5014451885,0.9842682481,1.3110774553
4.3692541122,0.5014451885,0.9842682481,1.3081309483
4.3793723583,0.5014451885,0.9838520885,1.3023870653
4.3894248009,0.5014451885,0.9838520885,1.3023870653
4.3992476463,0.5505068922,0.9849541783,1.2641892925
4.4091975689,0.5505068922,0.9849541783,1.2531084612
4.4191477299,0.5505068922,0.9849541783,1.2476644166
4.4291348457,0.5505068922,0.9838396907,1.2422837895
4.439230442,0.7956075668,0.9838396907,1.3476046053
4.4492418766,0.7956075668,0.9842398763,1.3444536263
4.4591932297,0.7956075668,0.9842398763,1.3428671133
4.469281435,0.7956075668,0.981916368,1.3396700943
4.479683876,0.7956075668,0.981916368,1.3396700943
4.4891984463,0.7530223127,0.9809339046,1.3265820598
4.4991526604,0.7530223127,0.9809339046,1.3269907156
4.5091278553,0.7530223127,0.979550302,1.3272137602
4.5192849636,0.7530223127,0.979550302,1.3274487846
4.5294926167,0.6741281481,0.9771291018,1.286344954
4.5393285751,0.6741281481,0.9771291018,1.2688989206
4.5492892265,0.6741281481,0.9797542691,1.2603610058
4.5591824055,0.6741281481,0.9797542691,1.2436905414
4.5693278313,0.6741281481,0.9784134626,1.2436905414
4.5791304111,0.6701103666,0.9784134626,1.2582219458
4.5897428989,0.6701103666,0.9796187282,1.2495460169
4.5999438763,0.6701103666,0.9796187282,1.2454578943
4.609401226,0.6701103666,0.9746448398,1.2415357279
4.6189849377,0.5897348741,0.9746448398,1.2463837532
4.6294014454,0.5897348741,0.9718546271,1.2370066999
4.6392557621,0.5897348741,0.9718546271,1.2322056718
4.6499004364,0.5897348741,0.9731661677,1.2223241905
4.6594047546,0.5897348741,0.9731661677,1.2223241905
4.669362545,0.5920301631,0.9731661677,1.2115984346
4.6792318821,0.5920301631,0.9710778594,1.2032152098
4.688945055,0.5920301631,0.9710778594,1.1992913567
4.6997823715,0.5920301631,0.9722237587,1.1955611524
4.7092270851,0.5814250719,0.9722237587,1.1791807512
4.7190949917,0.5814250719,0.9722097516,1.166593455
4.7291207314,0.5814250719,0.9722097516,1.16054073
4.7400360107,0.5814250719,0.9767851233,1.1489199809
4.7492771149,0.5814250719,0.9767851233,1.1489199809
4.7592585087,0.57222111,0.973118484,1.1553931528
4.7691986561,0.57222111,0.973118484,1.1487091551
4.7797205448,0.57222111,0.9733580351,1.1455428149
4.7894415855,0.57222111,0.9733580351,1.1425000606
4.7992551327,0.6169495677,0.9808491468,1.1361520804
4.8091790676,0.6169495677,0.9808491468,1.1292969759
4.8190529346,0.6169495677,0.9775294065,1.1257598334
4.8290076256,0.6169495677,0.9775294065,1.1184070495
4.839199543,0.6169495677,0.9767592549,1.1184070495
4.8493771553,0.5679108426,0.9767592549,1.0973571226
4.8594973087,0.5679108426,0.9765956402,1.0881251416
4.8692865372,0.5679108426,0.9765956402,1.0838135903
4.8799934387,0.5679108426,0.9772510529,1.0797210123
4.8892393112,0.5916555908,0.9772510529,1.0845197974
4.899446249,0.5916555908,0.9772510529,1.0792086531
4.9092288017,0.5916555908,0.9819585085,1.0763362171
4.9197444916,0.5916555908,0.9819585085,1.0700662644
4.9296603203,0.5916555908,0.9845222235,1.0700662644
4.9397029877,0.5942331166,0.9845222235,1.0769720826
4.9492013454,0.5942331166,0.9816773534,1.0747712639
4.9590890408,0.5942331166,0.9816773534,1.0735070887
4.9692275524,0.5942331166,0.9836260676,1.0721513528
4.9798057079,0.5697710489,0.9836260676,1.0545717011
4.9891972542,0.5697710489,0.9884074926,1.0481731033
4.9990048409,0.5697710489,0.9884074926,1.045249772
5.0091195107,0.5697710489,0.988263905,1.0400194852
5.0193600655,0.5697710489,0.988263905,1.0400194852
5.0292012691,0.7040014818,0.9935756326,1.1252015424
5.0392317772,0.7040014818,0.9935756326,1.1368100955
5.0493500233,0.7040014818,0.9931030869,1.1423545555
5.0592091084,0.7040014818,0.9931030869,1.1477084713
5.0692512989,0.6573658873,0.9970837831,1.0975890862
5.079157114,0.6573658873,0.9970837831,1.088308566
5.089199543,0.6573658873,0.998229146,1.0839904211
5.0991206169,0.6573658873,0.998229146,1.0760763103
5.1090159416,0.6573658873,0.998229146,1.0760763103
5.119361639,0.6620594375,1.0004315376,1.0334559595
5.1291768551,0.6620594375,1.0004315376,1.0260852873
5.139172554,0.6620594375,1.002820611,1.0232449989
5.1491544247,0.6620594375,1.002820611,1.020994006
5.1591744423,0.6282305083,1.0055241585,0.9945630358
5.1693887711,0.6282305083,1.0055241585,0.986917595
5.1792008877,0.6282305083,1.0048331022,0.9839593398
5.1891698837,0.6282305083,1.0048331022,0.9800108499
5.199236393,0.6282305083,1.005895853,0.9800108499
5.2090439796,0.748692551,1.005895853,0.9317227634
5.2191607952,0.748692551,1.0090187788,0.9217091579
5.2295811176,0.748692551,1.0090187788,0.9161310896
5.2394299507,0.748692551,1.0057313442,0.9101385036
5.2493438721,0.754420729,1.0057313442,0.9295179742
5.2593166828,0.754420729,1.0041633844,0.9268401654
5.2692394257,0.754420729,1.0041633844,0.9252464745
5.2798550129,0.754420729,1.0085124969,0.9213798717
5.2891261578,0.754420729,1.0085124969,0.9213798717
5.2998659611,0.6618567212,1.0061305761,0.9059299631
5.3091199398,0.6618567212,1.0061305761,0.8980628004
5.3189663887,0.6618567212,1.0079809427,0.894349907
5.3296983242,0.6618567212,1.0079809427,0.8908011282
5.3397269249,0.6135471947,1.0010074377,0.9003142079
5.3490128517,0.6135471947,1.0010074377,0.8931304123
5.3591558933,0.6135471947,1.0010074377,0.8897075875
5.3692378998,0.6135471947,1.0072703362,0.8832413411
5.3797767162,0.6135471947,1.0072703362,0.8832413411
5.3892204762,0.649824245,1.0055575371,0.8940712132
5.3992023468,0.649824245,1.0055575371,0.8947295213
5.4092133045,0.649824245,1.0022404194,0.8951423285
5.4192025661,0.649824245,1.0022404194,0.8955935032
5.4290311337,0.6180786453,1.0049805641,0.8875197836
5.4392015934,0.6180786453,1.0049805641,0.8841041996
5.4492504597,0.6180786453,1.0004622936,0.8825156255
5.4591019154,0.6180786453,1.0004622936,0.8795881042
5.4692878723,0.6180786453,1.0001375675,0.8795881042
5.4793007374,0.5823063335,1.0001375675,0.8770907665
5.4890856743,0.5823063335,1.0004345179,0.8727159879
5.4991369247,0.5823063335,1.0004345179,0.8704922209
5.5091598034,0.5823063335,0.9972435832,0.8682435968
5.5193631649,0.6662961696,0.9972435832,0.8808155557
5.5290951729,0.6662961696,0.996134758,0.8811501079
5.5398521423,0.6662961696,0.996134758,0.8813202895
5.5492143631,0.6662961696,0.9974479079,0.8816644247
5.5591981411,0.6662961696,0.9974479079,0.8816644247
5.5690610409,0.6025112964,0.9974479079,0.8877821459
5.5792748928,0.6025112964,0.9930135012,0.8913982884
5.5892920494,0.6025112964,0.9930135012,0.8932133119
5.5991997719,0.6025112964,0.9925460219,0.8950325057
5.6093473434,0.5758565889,0.9925460219,0.8710188113
5.6194810867,0.5758565889,0.9908508062,0.8651609193
5.6292750835,0.5758565889,0.9908508062,0.8622308503
5.6391777992,0.5758565889,0.9953439236,0.8563688733
5.6492073536,0.5758565889,0.9953439236,0.8563688733
5.659150362,0.6226841913,0.9930320382,0.8634556844
5.6689784527,0.6226841913,0.9930320382,0.8621811467
5.6792612076,0.6226841913,0.9901077747,0.8596748749
5.6893360615,0.6226841913,0.9901077747,0.8584431959
5.6991446018,0.5731837239,0.9903586507,0.8403966472
5.7096612453,0.5731837239,0.9903586507,0.8357745695
5.7198739052,0.5731837239,0.9908479452,0.8334685347
5.7296628952,0.5731837239,0.9908479452,0.8288668024
5.7393093109,0.5731837239,0.9868773222,0.8288668024
5.7493216991,0.6036093155,0.9868773222,0.8336003232
5.7590937614,0.6036093155,0.9909209013,0.8331227747
5.7698032856,0.6036093155,0.9909209013,0.8328567774
5.779519558,0.6036093155,0.9871226549,0.8325721726
5.789195776,0.673850044,0.9871226549,0.8478618566
5.799239397,0.673850044,0.9871226549,0.8501916939
5.8089556694,0.673850044,0.9902687073,0.8513252094
5.8193552494,0.673850044,0.9902687073,0.8535274897
5.8292496204,0.673850044,0.9900942445,0.8535274897
5.8391997814,0.6010125149,0.9900942445,0.8434675619
5.8492326736,0.6010125149,0.9863693714,0.8420490358
5.8591756821,0.6010125149,0.9863693714,0.8413403621
5.8694016933,0.6010125149,0.9912896752,0.8406320731
5.8792662621,0.5712514138,0.9912896752,0.8396161548
5.8892834187,0.5712514138,0.9897962809,0.8367049305
5.8991777897,0.5712514138,0.9897962809,0.8352512567
5.9089946747,0.5712514138,0.9902563095,0.8323484332
5.9194164276,0.5712514138,0.9902563095,0.8323484332
5.9294631481,0.5569751507,0.9916547537,0.8271924976
5.9392974377,0.5569751507,0.9916547537,0.8237049985
5.9492132664,0.5569751507,0.9948644638,0.8219593473
5.9593002796,0.5569751507,0.9948644638,0.8202125195
5.9694440365,0.5591603032,0.9931897521,0.8182752162
5.9797670841,0.5591603032,0.9931897521,0.8142202755
5.9892876148,0.5591603032,0.9949957132,0.8121882533
5.9991128445,0.5591603032,0.9949957132,0.8081153596
6.0093605518,0.5591603032,0.9969925284,0.8081153596
6.019297123,0.5515566291,0.9969925284,0.81321249
6.0292236805,0.5515566291,0.9969925284,0.8115757085
6.0391111374,0.5515566291,0.998042345,0.8107660146
6.0491874218,0.5515566291,0.998042345,0.8099621276
6.0592556,0.5451509022,0.9963282347,0.8129171476
6.0692956448,0.5451509022,0.9963282347,0.811746565
6.0792338848,0.5451509022,0.9977248311,0.8111729979
6.0889780521,0.5451509022,0.9977248311,0.81004939
6.0992329121,0.5451509022,1.0003298521,0.81004939
6.109143734,0.5394560498,1.0003298521,0.8056450076
6.1190540791,0.5394560498,1.0040693283,0.8047329485
6.1291890144,0.5394560498,1.0040693283,0.8029367164
6.139367342,0.5394560498,1.0038108826,0.8020509306
6.1494555473,0.5487518154,1.0038108826,0.8086570256
6.1597352028,0.5487518154,1.0066503286,0.8089710965
6.1698782444,0.5487518154,1.0066503286,0.8091250697
6.1795217991,0.5487518154,1.0048526525,0.8094368485
6.1890537739,0.5487518154,1.0048526525,0.8094368485
6.1997048855,0.5749136807,1.0060009956,0.7959293196
6.2094502449,0.5749136807,1.0060009956,0.7929929746
6.2192704678,0.5749136807,1.0080914497,0.7915086077
6.2289626598,0.5749136807,1.0080914497,0.790015932
6.2391619682,0.5269553462,1.0052323341,0.8020382933
6.2492213249,0.5269553462,1.0052323341,0.8043744562
6.25912714,0.5269553462,1.0052323341,0.8055888071
6.2692375183,0.5269553462,1.0063138008,0.8080889551
6.2791693211,0.5269553462,1.0063138008,0.8080889551
6.2890291214,0.5111373973,1.0079587698,0.79293159
6.2992050648,0.5111373973,1.0079587698,0.7901913791
6.3092522621,0.5111373973,1.0044722557,0.7887987198
6.3191115856,0.5111373973,1.0044722557,0.7873996463
6.3292484283,0.5368457314,1.0076271296,0.7981301364
6.339499712,0.5368457314,1.0076271296,0.7994562232
6.3496031761,0.5368457314,1.009863019,0.8001637525
6.359347105,0.5368457314,1.009863019,0.8016201172
6.3695831299,0.5368457314,1.0052280426,0.8016201172
6.3791761398,0.5336051155,1.0052280426,0.793714062
6.3892612457,0.5336051155,1.0037939548,0.7925225725
6.3991725445,0.5336051155,1.0037939548,0.7919108881
6.4092772007,0.5336051155,1.0100343227,0.7912947714
6.4191381931,0.5422753674,1.0100343227,0.7925071123
6.4290761948,0.5422753674,1.00877285,0.7919446989
6.4399852753,0.5422753674,1.00877285,0.7916846088
6.4493961334,0.5422753674,1.0040260553,0.791198998
6.4590907097,0.5422753674,1.0040260553,0.791198998
6.4692258835,0.9014368954,1.0086022615,0.7248075371
6.479749918,0.9014368954,1.0086022615,0.7183964693
6.4892003536,0.9014368954,1.0086022615,0.7151385411
6.4992039204,0.9014368954,1.0055955648,0.7118478393
6.5097260475,0.8261153047,1.0055955648,0.7289622118
6.5194728374,0.8261153047,1.0065547228,0.7264828097
6.5299289227,0.8261153047,1.0065547228,0.7252087517
6.5392708778,0.8261153047,0.9990199804,0.7225978906
6.5496339798,0.8261153047,0.9990199804,0.7225978906
6.5591518879,0.7528160765,1.003297925,0.7254665959
6.5690488815,0.7528160765,1.003297925,0.7238033419
6.5792119503,0.7528160765,1.0024757385,0.7204209473
6.5894412994,0.7528160765,1.0024757385,0.7187034004
6.599473238,0.6537180302,0.9993435144,0.7085560586
6.609108448,0.6537180302,0.9993435144,0.7039651386
6.6193618774,0.6537180302,1.0026726723,0.7016376883
6.6291730404,0.6537180302,1.0026726723,0.6969226136
6.6391763687,0.6537180302,1.0008114576,0.6969226136
6.6493036747,0.6198117059,1.0008114576,0.7004716065
6.6591808796,0.6198117059,0.9955049157,0.6964085402
6.6694903374,0.6198117059,0.9955049157,0.6943507819
6.6793329716,0.6198117059,0.9981321096,0.6922761963
6.689186573,0.6536991513,0.9981321096,0.702803795
6.6992945671,0.6536991513,1.0007041693,0.7012946333
6.7090051174,0.6536991513,1.0007041693,0.7005294596
6.71920681,0.6536991513,1.0007041693,0.6989795597
6.7291548252,0.6536991513,1.0016665459,0.6989795597
6.7393016815,0.5891654131,1.0016665459,0.703274635
6.7492096424,0.5891654131,0.9970785379,0.7026405115
6.7593894005,0.5891654131,0.9970785379,0.7023186338
6.7690925598,0.5891654131,0.9954739809,0.7019938325
6.7793819904,0.5988204179,0.9954739809,0.7034712559
6.789339304,0.5988204179,0.991463542,0.7024714693
6.7990250587,0.5988204179,0.991463542,0.7019664593
6.8091771603,0.5988204179,0.9944701791,0.7009469668
6.8193085194,0.5988204179,0.9944701791,0.7009469668
6.8291726112,0.572800976,0.9996986389,0.6984966301
6.8391337395,0.572800976,0.9996986389,0.6958858874
6.8492081165,0.572800976,0.9974728823,0.6945738699
6.8594651222,0.572800976,0.9974728823,0.6932577325
6.8692584038,0.5572388361,0.9942205548,0.6982763156
6.8796231747,0.5572388361,0.9942205548,0.6982907866
6.8892090321,0.5572388361,0.9966887236,0.6983226124
6.8993852139,0.5572388361,0.9966887236,0.6984298955
6.909250021,0.5572388361,0.9957877398,0.6984298955
6.919252634,0.5841700267,0.9957877398,0.6971660547
6.9293382168,0.5841700267,1.0005549192,0.6964232269
6.9389724731,0.5841700267,1.0005549192,0.6960270873
6.9490332603,0.5841700267,1.0005549192,0.6956180169
6.9593658447,0.5586087435,1.0009278059,0.6951462194
6.9691836834,0.5586087435,1.0009278059,0.6935901374
6.9791042805,0.5586087435,1.0014972687,0.692815602
6.9889922142,0.5586087435,1.0014972687,0.6912857382
6.9993863106,0.5586087435,1.0028740168,0.6912857382
7.0098724365,0.5938831619,1.0028740168,0.6971299743
7.0190985203,0.5938831619,1.0014266968,0.6978855902
7.0291101933,0.5938831619,1.0014266968,0.6982910269
7.0392694473,0.5938831619,1.0012853146,0.6987104337
7.0493791103,0.6057067089,1.0012853146,0.6933007521
7.0592679977,0.6057067089,0.9964492321,0.6926589009
7.069375515,0.6057067089,0.9964492321,0.6923228272
7.0792737007,0.6057067089,1.0005774498,0.6916075643
7.089553833,0.6057067089,1.0005774498,0.6916075643
7.0991990566,0.5983660429,1.0060909986,0.6907487214
7.1097285748,0.5983660429,1.0060909986,0.6898928989
7.1191697121,0.5983660429,1.009231329,0.6894366231
7.1290619373,0.5983660429,1.009231329,0.6889633838
7.1397385597,1.863038907,1.0071502924,0.8134058937
7.1491777897,1.863038907,1.0071502924,0.8280597055
7.1591920853,1.863038907,1.0047762394,0.8358566774
7.1694352627,1.863038907,1.0047762394,0.8521283713
7.1793870926,1.863038907,1.001726985,0.8521283713
7.1892521381,1.8324055497,1.001726985,0.8420569918
7.1993699074,1.8324055497,1.001726985,0.8527625787
7.209250927,1.8324055497,1.0074017048,0.8588200684
7.2196090221,1.8324055497,1.0074017048,0.8653217689
7.2290239334,1.5298853307,1.0060515404,0.8364136025
7.2392413616,1.5298853307,1.0060515404,0.8325393588
7.2492365837,1.5298853307,1.0046746731,0.8304438333
7.2591011524,1.5298853307,1.0046746731,0.8259533713
7.2693152428,1.5298853307,1.0083608627,0.8259533713
7.2792549133,1.3650155038,1.0083608627,0.8049142973
7.2891907692,1.3650155038,1.0032761097,0.7980095172
7.2991623878,1.3650155038,1.0032761097,0.794414099
7.3097829819,1.3650155038,1.0060337782,0.7907270244
7.3199207783,1.3541487858,1.0060337782,0.7927371534
7.3296217918,1.3541487858,1.0035344362,0.7938946657
7.3394551277,1.3541487858,1.0035344362,0.7944034304
7.3493168354,1.3541487858,1.0008270741,0.7952801186
7.3591794968,1.3541487858,1.0008270741,0.7952801186
7.3690931797,1.4684918282,1.005197525,0.8010590377
7.3792819977,1.4684918282,1.005197525,0.8023737334
7.3892378807,1.4684918282,1.0023210049,0.8029402001
7.3992605209,1.4684918282,1.0023210049,0.8034454463
7.4090721607,1.3166036341,1.0023210049,0.7868318795
7.419686079,1.3166036341,0.9953629375,0.783950414
7.4293365479,1.3166036341,0.9953629375,0.7828826848
7.4393696785,1.3166036341,1.0006703138,0.7814725884
7.449393034,1.3166036341,1.0006703138,0.7814725884
7.4592213631,1.1269325907,1.0020720959,0.7856965049
7.4694247246,1.1269325907,1.0020720959,0.7830736528
7.4793901443,1.1269325907,0.9989779592,0.7820039895
7.4895884991,1.1269325907,0.9989779592,0.78109624
7.4991748333,1.0096333186,0.9975432158,0.7838337616
7.5099458694,1.0096333186,0.9975432158,0.7856452352
7.5191845894,1.0096333186,1.0020484924,0.7862622522
7.5292260647,1.0096333186,1.0020484924,0.7868737228
7.5396618843,1.0096333186,0.9975374937,0.7868737228
7.5490393639,0.9450017868,0.9975374937,0.7927477889
7.5598282814,0.9450017868,0.9959741831,0.7965989236
7.5697922707,0.9450017868,0.9959741831,0.7983287111
7.579230547,0.9450017868,0.9951578975,0.7999187092
7.5892522335,0.7992991883,0.9951578975,0.7808849107
7.5991327763,0.7992991883,0.9982798696,0.7757164172
7.6092336178,0.7992991883,0.9982798696,0.7733534095
7.6193552017,0.7992991883,1.0025030375,0.769149107
7.6292927265,0.7992991883,1.0025030375,0.769149107
7.6393055916,0.7588923837,0.9934077263,0.7814170621
7.6491339207,0.7588923837,0.9934077263,0.7808826512
7.6591799259,0.7588923837,0.9934077263,0.7808771439
7.6693036556,0.7588923837,0.9937657118,0.7810466554
7.6792845726,0.6492870111,0.9937657118,0.7790949709
7.6891727448,0.6492870111,0.9975541234,0.7798701431
7.6991462708,0.6492870111,0.9975541234,0.7802485037
7.7091600895,0.6492870111,0.9987617731,0.7808990161
7.7191319466,0.6492870111,0.9987617731,0.7808990161
7.7291939259,1.5408177795,0.9989695549,0.8605904894
7.7392976284,1.5408177795,0.9989695549,0.8655928514
7.7493715286,1.5408177795,1.0016903877,0.8673659851
7.7591993809,1.5408177795,1.0016903877,0.868605771
7.7693481445,1.2634489088,1.0019488335,0.8566027077
7.7798352242,1.2634489088,1.0019488335,0.8612771819
7.7898273468,1.2634489088,1.0018734932,0.8631285248
7.7997245789,1.2634489088,1.0018734932,0.8657279486
7.8096618652,1.2634489088,1.0004241467,0.8657279486
7.8191952705,2.2453673947,1.0004241467,0.9624980531
7.8292019367,2.2453673947,0.9995773435,0.9708183442
7.8399782181,2.2453673947,0.9995773435,0.9739667862
7.8492841721,2.2453673947,1.0011929274,0.9763656579
7.8596317768,2.4379038115,1.0011929274,1.0123960748
7.8696742058,2.4379038115,1.0038594007,1.0257694806
7.8797237873,2.4379038115,1.0038594007,1.031674239
7.8897016048,2.4379038115,1.0038594007,1.0416336186
7.8998246193,1.9296773174,1.0033107996,1.0144523743
7.9093432426,1.9296773174,1.0033107996,1.0186297375
7.9190354347,1.9296773174,1.0065206289,1.0222338281
7.929148674,1.9296773174,1.0065206289,1.0276034221
7.9399383068,1.9296773174,1.0085151196,1.029319077
7.9492411613,1.5234943674,1.0085151196,1.0081740037
7.9591765404,1.5234943674,1.0042794943,0.997356841
7.9691739082,1.5234943674,1.0042794943,0.9927105068
7.9792602062,1.5234943674,1.0019966364,0.9851947256
7.9898686409,1.2306183294,1.0019966364,1.0110322964
7.9992403984,1.2306183294,1.0028523207,1.0148890788
8.0092666149,1.2306183294,1.0028523207,1.0212746407
8.0193676949,1.2306183294,0.9998552799,1.0236680853
8.0293629169,1.2306183294,0.9998552799,1.0254541365
8.0397884846,0.9774487128,1.0046733618,1.010639559
8.0492558479,0.9774487128,1.0046733618,1.0112877028
8.0589380264,0.9774487128,1.0002324581,1.0108523529
8.0698075294,0.9774487128,1.0002324581,1.0084620056
8.0792000294,0.9774487128,1.0026295185,1.0084620056
8.0897831917,0.8022715589,1.0026295185,1.008193968
8.0997409821,0.8022715589,1.0018638372,1.0033835804
8.1099102497,0.8022715589,1.0018638372,1.0013788362
8.1192576885,0.8022715589,1.0018638372,0.9997154464
8.1290984154,0.6671307787,1.0042539835,1.0097794269
8.1391530037,0.6671307787,1.0042539835,1.0100420803
8.1494526863,0.6671307787,1.0027730465,1.0106984745
8.1592795849,0.6671307787,1.0027730465,1.0129330133
8.16964674,0.6671307787,0.9980469346,1.0129330133
8.1798026562,0.5552447573,0.9980469346,1.0130992463
8.189260006,0.5552447573,1.0006681681,1.0165554491
8.1993162632,0.5552447573,1.0006681681,1.0179898651
8.2091317177,0.5552447573,0.9990084767,1.0191738277
8.2197396755,0.4467614492,0.9990084767,1.0098610705
8.2291939259,0.4467614492,0.9999993443,1.0076602941
8.2391815186,0.4467614492,0.9999993443,1.0062172146
8.2494697571,0.4467614492,0.9980319738,1.0027881327
8.2595860958,0.4467614492,0.9980319738,1.0027881327
8.2694103718,0.3585390226,0.9993935823,1.0103965256
8.2798769474,0.3585390226,0.9993935823,1.0098037229
8.2895798683,0.3585390226,1.0003418922,1.0097193635
8.2990038395,0.3585390226,1.0003418922,1.0098073793
8.3091630936,0.3060034491,1.0008349419,1.00822549
8.3191893101,0.3060034491,1.0008349419,1.0066171697
8.3292236328,0.3060034491,0.9989337325,1.0060581712
8.339091301,0.3060034491,0.9989337325,1.005453801
8.3491873741,0.3060034491,0.9989337325,1.005453801
8.3599345684,0.2748247622,1.001091361,1.0150196709
8.3694119453,0.2748247622,1.001091361,1.017426887
8.3793745041,0.2748247622,0.9970963001,1.0187291402
8.3894953728,0.2748247622,0.9970963001,1.0200582752
8.3999037743,0.2286972515,1.0028194189,1.0135531593
8.4092001915,0.2286972515,1.0028194189,1.0140610221
8.4194169044,0.2286972515,0.9986557364,1.0141119331
8.4291114807,0.2286972515,0.9986557364,1.013763692
8.4390308857,0.2286972515,1.0005824566,1.013763692
8.4494988918,0.8010535373,1.0005824566,0.9463631375
8.4591348171,0.8010535373,1.0039188862,0.9418286216
8.4689528942,0.8010535373,1.0039188862,0.9401237604
8.4791662693,0.8010535373,0.9998040199,0.9388332758
8.4892127514,0.9215766955,0.9998040199,0.9726846488
8.4990828037,0.9215766955,1.0045120716,0.9770888436
8.5091953278,0.9215766955,1.0045120716,0.9789147954
8.5191316605,0.9215766955,1.0043467283,0.9817364956
8.5289876461,0.9215766955,1.0043467283,0.9817364956
8.5392148495,2.8814738718,1.0049390793,1.2236176869
8.5491271019,2.8814738718,1.0049390793,1.2476610728
8.559779644,2.8814738718,1.0121318102,1.2590298225
8.5695164204,2.8814738718,1.0121318102,1.2698861054
8.5791707039,2.6416468104,1.0121318102,1.255221807
8.5891652107,2.6416468104,1.0052689314,1.2766161612
8.5991520882,2.6416468104,1.0052689314,1.2867102985
8.6090209484,2.6416468104,1.0059686899,1.305447225
8.6192481518,2.6416468104,1.0059686899,1.305447225
8.6289355755,2.3695548502,0.9970914125,1.2982049871
8.6391825676,2.3695548502,0.9970914125,1.3148888513
8.6491308212,2.3695548502,0.9835137129,1.3224275368
8.6592667103,2.3695548502,0.9835137129,1.3293690329
8.6692073345,2.3671327569,0.9642854929,1.3443399981
8.6790337563,2.3671327569,0.9642854929,1.3634962611
8.6895473003,2.3671327569,0.9527353048,1.3732916846
8.6991429329,2.3671327569,0.9527353048,1.393235156
8.7093193531,2.3671327569,0.9390031695,1.393235156
8.7191488743,1.8652764656,0.9390031695,1.3496352572
8.7293887138,1.8652764656,0.9274609089,1.3594223854
8.7392544746,1.8652764656,0.9274609089,1.3647215867
8.7493011951,1.8652764656,0.9083588719,1.3702700266
8.7592661381,1.473820386,0.9083588719,1.3466257381
8.7693221569,1.473820386,0.8938282132,1.3405829694
8.7791688442,1.473820386,0.8938282132,1.3378605364
8.7889926434,1.473820386,0.8938282132,1.3329849828
8.7992618084,1.473820386,0.883769691,1.3329849828
8.8090009689,1.1781942779,0.883769691,1.3413472432
8.8191359043,1.1781942779,0.8402231336,1.335184611
8.829182148,1.1781942779,0.8402231336,1.3322500334
8.8392870426,1.1781942779,0.8125908375,1.3294123011
8.8494610786,0.9456608038,0.8125908375,1.3429301339
8.8591890335,0.9456608038,0.7893403769,1.34580389
8.8690080643,0.9456608038,0.7893403769,1.3473093661
8.8790409565,0.9456608038,0.7632192373,1.3504867425
8.889185667,0.9456608038,0.7632192373,1.3504867425
8.8992650509,0.7586367782,0.739166081,1.3492408962
8.9090466499,0.7586367782,0.739166081,1.3529297214
8.9190979004,0.7586367782,0.7154167891,1.3603855167
8.9296171665,0.7586367782,0.7154167891,1.3641436488
8.9392819405,0.6092405739,0.69098562,1.3436824777
8.9493665695,0.6092405739,0.69098562,1.3386294409
8.9592089653,0.6092405739,0.6644459367,1.3361455683
8.9692599773,0.6092405739,0.6644459367,1.3312632579
8.9791967869,0.6092405739,0.6429304481,1.3312632579
8.9891717434,0.5022869413,0.6429304481,1.3426608311
8.9992477894,0.5022869413,0.6187987328,1.3445872136
9.0091109276,0.5022869413,0.6187987328,1.3456681006
9.0192379951,0.5022869413,0.5948606133,1.3468250942
9.0291407108,0.8718834837,0.5948606133,1.2874852344
9.0392141342,0.8718834837,0.5948606133,1.2798028782
9.0490586758,0.8718834837,0.5710780025,1.2759376131
9.0598254204,0.8718834837,0.5710780025,1.2681619985
9.06935215,0.8718834837,0.5471939445,1.2681619985
9.0797100067,0.6984545291,0.5471939445,1.2821818777
9.0894620419,0.6984545291,0.5238305926,1.2757059625
9.0992312431,0.6984545291,0.5238305926,1.2724796286
9.1096663475,0.6984545291,0.5008861423,1.2692621127
9.119301796,0.8126507936,0.5008861423,1.2641881769
9.1292071342,0.8126507936,0.4783227742,1.2586007284
9.139264822,0.8126507936,0.4783227742,1.2558663935
9.1492803097,0.8126507936,0.4559323192,1.2505208373
9.1592547894,0.8126507936,0.4559323192,1.2505208373
9.1692318916,0.6768043776,0.4350168109,1.2434182356
9.1797738075,0.6768043776,0.4350168109,1.2378294166
9.1894509792,0.6768043776,0.415453583,1.2351377319
9.1991987228,0.6768043776,0.415453583,1.2325159581
9.2095746994,0.5612786538,0.3938606083,1.2503086688
9.2194385529,0.5612786538,0.3938606083,1.2550726032
9.2292656898,0.5612786538,0.3743971884,1.2574250493
9.2391066551,0.5612786538,0.3743971884,1.2620475453
9.2490355968,0.5612786538,0.3540707231,1.2620475453
9.2591371536,0.4624824953,0.3540707231,1.243379363
9.2691690922,0.4624824953,0.3540707231,1.2384188331
9.2791466713,0.4624824953,0.3328358531,1.235941369
9.2892713547,0.4624824953,0.3328358531,1.2334662084
9.2992324829,0.4087899462,0.3160174787,1.2511176953
9.3091905117,0.4087899462,0.3160174787,1.2549774809
9.3191537857,0.4087899462,0.2958230972,1.2569851489
9.3294653893,0.4087899462,0.2958230972,1.2611429874
9.3398122787,0.320594935,0.2564309835,1.2511718127
9.3491725922,0.320594935,0.2564309835,1.2529910205
9.359228611,0.320594935,0.2392936945,1.2566784334
9.3699607849,0.320594935,0.2392936945,1.258541008
9.3790616989,0.320594935,0.2195165008,1.2604123619
9.389816761,0.3222621934,0.2195165008,1.2545443906
9.3989920616,0.3222621934,0.1978465468,1.2531511895
9.4090907574,0.3222621934,0.1978465468,1.2523939379
9.4189369678,0.3222621934,0.1842263341,1.2507755827
9.4297583103,0.3222621934,0.1842263341,1.2507755827
9.4393312931,0.279884488,0.1658293754,1.249418541
9.4492647648,0.279884488,0.1658293754,1.2464690362
9.4591310024,0.279884488,0.1504109055,1.2450495547
9.4696993828,0.279884488,0.1504109055,1.2436784563
9.4788246155,0.5337491738,0.1504109055,1.2885902834
9.4895381927,0.5337491738,0.1351276636,1.2932421061
9.4992735386,0.5337491738,0.1351276636,1.2954908782
9.5091562271,0.5337491738,0.1176258028,1.299821371
9.5191466808,0.5337491738,0.1176258028,1.299821371
9.5290265083,0.4185364697,0.1060976386,1.2905857716
9.539175272,0.4185364697,0.1060976386,1.2942730548
9.5492925644,0.4185364697,0.095979102,1.2960713164
9.5591142178,0.4185364697,0.095979102,1.2978371939
9.5695221424,0.4185364697,0.0811159462,1.2978371939
9.5793640614,0.4185364697,0.0811159462,1.2978371939
9.58939147,0.4185364697,0.0740011409,1.2978371939
9.5990743637,0.4185364697,0.0740011409,1.2978371939
9.6096353531,0.4185364697,0.0665588155,1.2978371939
9.6192083359,0.4185364697,0.0665588155,1.2978371939
9.6290736198,0.4185364697,0.0557615682,1.2978371939
9.6394593716,0.4185364697,0.0557615682,1.2978371939
9.649140358,0.4185364697,0.0476226844,1.2978371939
9.6594135761,0.4185364697,0.0476226844,1.2978371939
9.6692178249,0.4185364697,0.0411456041,1.2978371939
9.6796858311,0.4185364697,0.0411456041,1.2978371939
9.6893563271,0.4185364697,0.0364572667,1.2978371939
9.6994736195,0.4185364697,0.0364572667,1.2978371939
9.7091944218,0.4185364697,0.0331243984,1.2978371939
9.7192730904,0.4185364697,0.0331243984,1.2978371939
9.7295031548,0.4185364697,0.0331243984,1.2978371939
9.739289999,0.4185364697,0.0273776315,1.2978371939
9.7494235039,0.4185364697,0.0273776315,1.2978371939
9.7594707012,0.4185364697,0.024973534,1.2978371939
9.7696344852,0.4185364697,0.024973534,1.2978371939
9.7792084217,0.4185364697,0.0216349941,1.2978371939
9.7893936634,0.4185364697,0.0216349941,1.2978371939
9.7996747494,0.4185364697,0.013909054,1.2978371939
9.8090419769,0.4185364697,0.013909054,1.2978371939
9.8191814423,0.4185364697,0.0107027721,1.2978371939
9.8290188313,0.4185364697,0.0107027721,1.2978371939
9.839246273,0.4185364697,0.0110313594,1.2978371939
9.8491163254,0.4185364697,0.0110313594,1.2978371939
9.8592574596,0.4185364697,0.0103097074,1.2978371939
9.8692128658,0.4185364697,0.0103097074,1.2978371939
9.8789901733,0.4185364697,0.0090446873,1.2978371939
9.8891763687,0.4185364697,0.0090446873,1.2978371939
9.8992063999,0.4185364697,0.0075728712,1.2978371939
9.9092354774,0.4185364697,0.0075728712,1.2978371939
9.9192881584,0.4185364697,0.0049567977,1.2978371939
9.9292855263,0.4185364697,0.0049567977,1.2978371939
9.9392642975,0.4185364697,0.004248024,1.2978371939
9.9491021633,0.4185364697,0.004248024,1.2978371939
9.9590702057,0.4185364697,0.004248024,1.2978371939
9.9689450264,0.4185364697,0.0031199912,1.2978371939
9.9791853428,0.4185364697,0.0031199912,1.2978371939
9.9892299175,0.4185364697,0.0026325628,1.2978371939
9.9992864132,0.4185364697,0.0026325628,1.2978371939
10.0091977119,0.4185364697,0.0031297635,1.2978371939
10.0192024708,0.4185364697,0.0031297635,1.2978371939
10.0290381908,0.4185364697,0.0018320688,1.2978371939
10.0392003059,0.4185364697,0.0018320688,1.2978371939
10.0491671562,0.4185364697,0.0013368835,1.2978371939
10.0592274666,0.4185364697,0.0013368835,1.2978371939
10.0692358017,0.4185364697,-0.0007418807,1.2978371939
10.079169035,0.4185364697,-0.0007418807,1.2978371939
10.0892252922,0.4185364697,0.0019411991,1.2978371939
10.0993828773,0.4185364697,0.0019411991,1.2978371939
10.1092166901,0.4185364697,0.0012842641,1.2978371939
10.1197323799,0.4185364697,0.0012842641,1.2978371939
10.1289644241,0.4185364697,0.0026453908,1.2978371939
10.1392142773,0.4185364697,0.0026453908,1.2978371939
10.1492643356,0.4185364697,0.000807912,1.2978371939
10.1591215134,0.4185364697,0.000807912,1.2978371939
10.1694991589,0.4185364697,-0.0001255884,1.2978371939
10.1792464256,0.4185364697,-0.0001255884,1.2978371939
10.1891970634,0.4185364697,-0.0001255884,1.2978371939
10.1992478371,0.4185364697,0.0038537078,1.2978371939
10.2092273235,0.4185364697,0.0038537078,1.2978371939
10.2190303802,0.4185364697,0.0012104241,1.2978371939
10.2297408581,0.4185364697,0.0012104241,1.2978371939
10.2392382622,0.4185364697,-0.0006056861,1.2978371939
10.2491664886,0.4185364697,-0.0006056861,1.2978371939
10.2590930462,0.4185364697,0.0012345132,1.2978371939
10.2691042423,0.4185364697,0.0012345132,1.2978371939
10.2790284157,0.4185364697,0.0006061444,1.2978371939
10.2893266678,0.4185364697,0.0006061444,1.2978371939
10.2993946075,0.4185364697,-0.0007457811,1.2978371939
10.3094661236,0.4185364697,-0.0007457811,1.2978371939
10.3192958832,0.4185364697,-0.0001586704,1.2978371939
10.3299875259,0.4185364697,-0.0001586704,1.2978371939
10.339769125,0.4185364697,0.0002435838,1.2978371939
10.349552393,0.4185364697,0.0002435838,1.2978371939
10.3599061966,0.4185364697,0.000068279,1.2978371939
10.3692178726,0.4185364697,0.000068279,1.2978371939
10.3792860508,0.4185364697,0.0010092191,1.2978371939
10.3896689415,0.4185364697,0.0010092191,1.2978371939
10.3992702961,0.4185364697,-0.0009616974,1.2978371939
10.4097797871,0.4185364697,-0.0009616974,1.2978371939
10.4189534187,0.4185364697,-0.0009616974,1.2978371939
10.4292142391,0.4185364697,-0.0006016277,1.2978371939
10.4392840862,0.4185364697,-0.0006016277,1.2978371939
10.449287653,0.4185364697,-0.00164099,1.2978371939
10.459291935,0.4185364697,-0.00164099,1.2978371939
10.4693026543,0.4185364697,-0.0007546891,1.2978371939
10.4789030552,0.4185364697,-0.0007546891,1.2978371939
10.489320755,0.4185364697,0.002279049,1.2978371939
10.4997479916,0.4185364697,0.002279049,1.2978371939
10.5092489719,0.4185364697,0.0010055236,1.2978371939
10.5193340778,0.4185364697,0.0010055236,1.2978371939
10.5294606686,0.4185364697,3.31332303176168E-005,1.2978371939
10.5391995907,0.4185364697,3.31332303176168E-005,1.2978371939
10.5493910313,0.4185364697,0.000306093,1.2978371939
10.5590443611,0.4185364697,0.000306093,1.2978371939
10.5696570873,0.4185364697,0.0007354884,1.2978371939
10.5791370869,0.4185364697,0.0007354884,1.2978371939
10.5892198086,0.4185364697,-0.0016812955,1.2978371939
10.5990493298,0.4185364697,-0.0016812955,1.2978371939
10.6092350483,0.4185364697,-0.0016341481,1.2978371939
10.61931777,0.4185364697,-0.0016341481,1.2978371939
10.6291525364,0.4185364697,0.0015898882,1.2978371939
10.6392111778,0.4185364697,0.0015898882,1.2978371939
10.6489336491,0.4185364697,0.0015898882,1.2978371939
10.659239769,0.4185364697,0.0006802187,1.2978371939
10.669179678,0.4185364697,0.0006802187,1.2978371939
10.679151535,0.4185364697,-0.0010877957,1.2978371939
10.6892814636,0.4185364697,-0.0010877957,1.2978371939
10.6997187138,0.4185364697,-0.0007049388,1.2978371939
10.7089583874,0.4185364697,-0.0007049388,1.2978371939
10.7192354202,0.4185364697,0.0003086937,1.2978371939
10.7294375896,0.4185364697,0.0003086937,1.2978371939
10.7392270565,0.4185364697,0.0011901823,1.2978371939
10.7494864464,0.4185364697,0.0011901823,1.2978371939
10.7594110966,0.4185364697,0.001454586,1.2978371939
10.7692530155,0.4185364697,0.001454586,1.2978371939
10.7793095112,0.4185364697,-0.0001354227,1.2978371939
10.7892494202,0.4185364697,-0.0001354227,1.2978371939
10.7991573811,0.4185364697,-0.0008072217,1.2978371939
10.8091576099,0.4185364697,-0.0008072217,1.2978371939
10.8192968369,0.4185364697,-0.0005162379,1.2978371939
10.829169035,0.4185364697,-0.0005162379,1.2978371939
10.8392064571,0.4185364697,-0.0001434532,1.2978371939
10.8497169018,0.4185364697,-0.0001434532,1.2978371939
10.8592326641,0.4185364697,0.0002571375,1.2978371939
10.8692018986,0.4185364697,0.0002571375,1.2978371939
10.878869772,0.4185364697,0.0002571375,1.2978371939
10.8890230656,0.4185364697,-0.0021819444,1.2978371939
10.8993070126,0.4185364697,-0.0021819444,1.2978371939
10.9092299938,0.4185364697,-0.0005951776,1.2978371939
10.9191310406,0.4185364697,-0.0005951776,1.2978371939
10.929117918,0.4185364697,0.0017315052,1.2978371939
10.9391844273,0.4185364697,0.0017315052,1.2978371939
10.9492838383,0.4185364697,8.15192179288715E-005,1.2978371939
10.959225893,0.4185364697,8.15192179288715E-005,1.2978371939
10.9692797661,0.4185364697,-0.0003111288,1.2978371939
10.9792001247,0.4185364697,-0.0003111288,1.2978371939
10.989385128,0.4185364697,0.0003114044,1.2978371939
10.9992396832,0.4185364697,0.0003114044,1.2978371939
11.0092394352,0.4185364697,0.0002192416,1.2978371939
11.0190401077,0.4185364697,0.0002192416,1.2978371939
11.0297634602,0.4185364697,-0.0002947788,1.2978371939
11.0392785072,0.4185364697,-0.0002947788,1.2978371939
11.0493776798,0.4185364697,0.0004208785,1.2978371939
11.0592122078,0.4185364697,0.0004208785,1.2978371939
11.0689799786,0.4185364697,0.0014746818,1.2978371939
11.079318285,0.4185364697,0.0014746818,1.2978371939
11.0894231796,0.4185364697,0.0014671751,1.2978371939
11.0992398262,0.4185364697,0.0014671751,1.2978371939
11.1098127365,0.4185364697,0.0006265784,1.2978371939
11.1190080643,0.4185364697,0.0006265784,1.2978371939
11.1299467087,0.4185364697,0.0006265784,1.2978371939
11.1392011642,0.4185364697,0.0010019114,1.2978371939
11.1492211819,0.4185364697,0.0010019114,1.2978371939
11.15919137,0.4185364697,-0.0024524794,1.2978371939
11.1694009304,0.4185364697,-0.0024524794,1.2978371939
11.1796073914,0.4185364697,0.0005915074,1.2978371939
11.189302206,0.4185364697,0.0005915074,1.2978371939
11.1993229389,0.4185364697,0.000025666,1.2978371939
11.2091228962,0.4185364697,0.000025666,1.2978371939
11.2193436623,0.4185364697,-0.0006795495,1.2978371939
11.2291152477,0.4185364697,-0.0006795495,1.2978371939
11.2392487526,0.4185364697,0.0004418528,1.2978371939
11.2493958473,0.4185364697,0.0004418528,1.2978371939
11.2592382431,0.4185364697,-0.0007406322,1.2978371939
11.2692670822,0.4185364697,-0.0007406322,1.2978371939
11.2792062759,0.4185364697,0.0005111921,1.2978371939
11.2889578342,0.4185364697,0.0005111921,1.2978371939
11.2990252972,0.4185364697,-0.0022863981,1.2978371939
11.3091955185,0.4185364697,-0.0022863981,1.2978371939
11.3191535473,0.4185364697,0.0009005376,1.2978371939
11.329220295,0.4185364697,0.0009005376,1.2978371939
11.3396575451,0.4185364697,-0.0014848631,1.2978371939
11.3490252495,0.4185364697,-0.0014848631,1.2978371939
11.3592653275,0.4185364697,-0.0014848631,1.2978371939
11.3695614338,0.4185364697,0.0005452078,1.2978371939
11.3792984486,0.4185364697,0.0005452078,1.2978371939
11.3893289566,0.4185364697,0.0006684309,1.2978371939
11.3992681503,0.4185364697,0.0006684309,1.2978371939
11.4091641903,0.4185364697,-0.0006032487,1.2978371939
11.4192624092,0.4185364697,-0.0006032487,1.2978371939
11.429224968,0.4185364697,5.58452993573155E-005,1.2978371939
11.4396214485,0.4185364697,5.58452993573155E-005,1.2978371939
11.4494590759,0.4185364697,-0.0002547453,1.2978371939
11.459192276,0.4185364697,-0.0002547453,1.2978371939
11.4694695473,0.4185364697,0.000268931,1.2978371939
11.4793035984,0.4185364697,0.000268931,1.2978371939
11.4889321327,0.4185364697,-0.0015727824,1.2978371939
11.4989466667,0.4185364697,-0.0015727824,1.2978371939
11.5095312595,0.4185364697,0.0009328909,1.2978371939
11.5193469524,0.4185364697,0.0009328909,1.2978371939
11.5290317535,0.4185364697,-0.0012120836,1.2978371939
11.5392000675,0.4185364697,-0.0012120836,1.2978371939
11.5492949486,0.4185364697,-0.0015510074,1.2978371939
11.5592739582,0.4185364697,-0.0015510074,1.2978371939
11.5692090988,0.4185364697,-0.0015510074,1.2978371939
11.5790467262,0.4185364697,0.0021875186,1.2978371939
11.5892357826,0.4185364697,0.0021875186,1.2978371939
11.5992004871,0.4185364697,-0.0009225596,1.2978371939
11.6092333794,0.4185364697,-0.0009225596,1.2978371939
11.6193671227,0.4185364697,-0.0003349408,1.2978371939
11.6292331219,0.4185364697,-0.0003349408,1.2978371939
11.6392576694,0.4185364697,-3.62097089237068E-005,1.2978371939
11.6492335796,0.4185364697,-3.62097089237068E-005,1.2978371939
11.6593196392,0.4185364697,0.0010135975,1.2978371939
11.6689972878,0.4185364697,0.0010135975,1.2978371939
11.6790931225,0.4185364697,-0.000278566,1.2978371939
11.6892704964,0.4185364697,-0.000278566,1.2978371939
11.6991984844,0.4185364697,-0.0026707994,1.2978371939
11.7091605663,0.4185364697,-0.0026707994,1.2978371939
11.7191123962,0.4185364697,0.0005032492,1.2978371939
11.7292609215,0.4185364697,0.0005032492,1.2978371939
11.7391889095,0.4185364697,-0.0008869761,1.2978371939
11.7493960857,0.4185364697,-0.0008869761,1.2978371939
11.7597358227,0.4185364697,-0.0019901502,1.2978371939
11.769411087,0.4185364697,-0.0019901502,1.2978371939
11.7792029381,0.4185364697,0.0008329375,1.2978371939
11.7894082069,0.4185364697,0.0008329375,1.2978371939
11.799213171,0.4185364697,0.0008329375,1.2978371939
11.8092467785,0.4185364697,0.001553441,1.2978371939
11.8191599846,0.4185364697,0.001553441,1.2978371939
11.8291094303,0.4185364697,0.0010369612,1.2978371939
11.8392093182,0.4185364697,0.0010369612,1.2978371939
11.8494319916,0.4185364697,0.0002554024,1.2978371939
11.858966589,0.4185364697,0.0002554024,1.2978371939
11.8691666126,0.4185364697,0.0007507846,1.2978371939
11.8790225983,0.4185364697,0.0007507846,1.2978371939
11.8891026974,0.4185364697,-0.0018532367,1.2978371939
11.8996510506,0.4185364697,-0.0018532367,1.2978371939
11.9090645313,0.4185364697,-0.0015835905,1.2978371939
11.9191420078,0.4185364697,-0.0015835905,1.2978371939
11.9293956757,0.4185364697,0.0015121074,1.2978371939
11.9391241074,0.4185364697,0.0015121074,1.2978371939
11.9492554665,0.4185364697,0.0024591445,1.2978371939
11.959220171,0.4185364697,0.0024591445,1.2978371939
11.9692575932,0.4185364697,0.0004317666,1.2978371939
11.979789257,0.4185364697,0.0004317666,1.2978371939
11.9897851944,0.4185364697,-0.0001189508,1.2978371939
11.9995756149,0.4185364697,-0.0001189508,1.2978371939
12.0093770027,0.4185364697,-0.0009943884,1.2978371939
12.0192177296,0.4185364697,-0.0009943884,1.2978371939
12.0290491581,0.4185364697,-0.0009943884,1.2978371939
12.0393636227,0.4185364697,-0.0002157008,1.2978371939
12.0490136147,0.4185364697,-0.0002157008,1.2978371939
12.0590138435,0.4185364697,0.0001202454,1.2978371939
12.0696461201,0.4185364697,0.0001202454,1.2978371939
12.0792131424,0.4185364697,-0.000412365,1.2978371939
12.0894258022,0.4185364697,-0.000412365,1.2978371939
12.0995986462,0.4185364697,-0.0030530728,1.2978371939
12.1096789837,0.4185364697,-0.0030530728,1.2978371939
12.1191475391,0.4185364697,0.001246749,1.2978371939
12.1292214394,0.4185364697,0.001246749,1.2978371939
12.1392242908,0.4185364697,-0.0021321159,1.2978371939
12.1495203972,0.4185364697,-0.0021321159,1.2978371939
12.159655571,0.4185364697,0.0009137508,1.2978371939
12.1691908836,0.4185364697,0.0009137508,1.2978371939
12.179172039,0.4185364697,0.0025173479,1.2978371939
12.189116478,0.4185364697,0.0025173479,1.2978371939
12.1992776394,0.4185364697,0.0010075159,1.2978371939
12.2097377777,0.4185364697,0.0010075159,1.2978371939
12.2195649147,0.4185364697,0.0008916214,1.2978371939
12.2290463448,0.4185364697,0.0008916214,1.2978371939
12.2391922474,0.4185364697,-0.0003038956,1.2978371939
12.2499904633,0.4185364697,-0.0003038956,1.2978371939
12.2590665817,0.4185364697,-0.0003038956,1.2978371939
12.2695126534,0.4185364697,-0.0014314251,1.2978371939
12.279643774,0.4185364697,-0.0014314251,1.2978371939
12.2898945808,0.4185364697,0.0005905214,1.2978371939
12.2991883755,0.4185364697,0.0005905214,1.2978371939
12.3093645573,0.4185364697,0.0009774723,1.2978371939
12.3190588951,0.4185364697,0.0009774723,1.2978371939
12.3296818733,0.4185364697,-0.0005302429,1.2978371939
12.3393642902,0.4185364697,-0.0005302429,1.2978371939
12.3492245674,0.4185364697,0.0005579009,1.2978371939
12.3592188358,0.4185364697,0.0005579009,1.2978371939
12.369412899,0.4185364697,-0.0001444388,1.2978371939
12.3790056705,0.4185364697,-0.0001444388,1.2978371939
12.3892629147,0.4185364697,-0.0006597259,1.2978371939
12.3992288113,0.4185364697,-0.0006597259,1.2978371939
12.4091444016,0.4185364697,-0.000877226,1.2978371939
12.4191980362,0.4185364697,-0.000877226,1.2978371939
12.4292311668,0.4185364697,0.0002027557,1.2978371939
12.4390749931,0.4185364697,0.0002027557,1.2978371939
12.4490425587,0.4185364697,0.0001138793,1.2978371939
12.4592921734,0.4185364697,0.0001138793,1.2978371939
12.4695088863,0.4185364697,-0.0003587871,1.2978371939
12.4791927338,0.4185364697,-0.0003587871,1.2978371939
12.4891245365,0.4185364697,-0.0003587871,1.2978371939
12.4991905689,0.4185364697,0.0006308826,1.2978371939
12.5093989372,0.4185364697,0.0006308826,1.2978371939
12.519143343,0.4185364697,0.0002454254,1.2978371939
12.5292227268,0.4185364697,0.0002454254,1.2978371939
12.5399663448,0.4185364697,-0.0004751212,1.2978371939
12.5492589474,0.4185364697,-0.0004751212,1.2978371939
12.559071064,0.4185364697,-0.0009554824,1.2978371939
12.5692646503,0.4185364697,-0.0009554824,1.2978371939
12.579179287,0.4185364697,-0.001266559,1.2978371939
12.5891928673,0.4185364697,-0.001266559,1.2978371939
12.5995378494,0.4185364697,0.0004529419,1.2978371939
12.6089427471,0.4185364697,0.0004529419,1.2978371939
12.6193687916,0.4185364697,0.0001248251,1.2978371939
12.6293945313,0.4185364697,0.0001248251,1.2978371939
12.6391744614,0.4185364697,0.0016885219,1.2978371939
12.6492068768,0.4185364697,0.0016885219,1.2978371939
12.6592860222,0.4185364697,0.0020664784,1.2978371939
12.6689760685,0.4185364697,0.0020664784,1.2978371939
12.6791498661,0.4185364697,-8.60977434058441E-006,1.2978371939
12.6892669201,0.4185364697,-8.60977434058441E-006,1.2978371939
12.6993448734,0.4185364697,-0.0002069538,1.2978371939
12.7093217373,0.4185364697,-0.0002069538,1.2978371939
12.7192471027,0.4185364697,-0.0002069538,1.2978371939
12.7293639183,0.4185364697,-0.0012334704,1.2978371939
12.7391040325,0.4185364697,-0.0012334704,1.2978371939
12.7492256165,0.4185364697,0.0013692232,1.2978371939
12.7596724033,0.4185364697,0.0013692232,1.2978371939
12.7691104412,0.4185364697,0.0003998394,1.2978371939
12.7795274258,0.4185364697,0.0003998394,1.2978371939
12.7889955044,0.4185364697,-0.0017183864,1.2978371939
12.7998793125,0.4185364697,-0.0017183864,1.2978371939
12.8091995716,0.4185364697,-5.2833271183772E-005,1.2978371939
12.8193457127,0.4185364697,-5.2833271183772E-005,1.2978371939
12.8290836811,0.4185364697,0.0007431781,1.2978371939
12.8394281864,0.4185364697,0.0007431781,1.2978371939
12.8494441509,0.4185364697,0.0009153322,1.2978371939
12.8591775894,0.4185364697,0.0009153322,1.2978371939
12.8699095249,0.4185364697,-0.0003916807,1.2978371939
12.8792715073,0.4185364697,-0.0003916807,1.2978371939
12.889093399,0.4185364697,0.0009847021,1.2978371939
12.8994324207,0.4185364697,0.0009847021,1.2978371939
12.9092593193,0.4185364697,0.0004879728,1.2978371939
12.9196205139,0.4185364697,0.0004879728,1.2978371939
12.9291021824,0.4185364697,-0.0017734984,1.2978371939
12.9398901463,0.4185364697,-0.0017734984,1.2978371939
12.9490089417,0.4185364697,-0.0017734984,1.2978371939
12.9590961933,0.4185364697,0.0005356686,1.2978371939
12.9690792561,0.4185364697,0.0005356686,1.2978371939
12.9796733856,0.4185364697,-0.0001815849,1.2978371939
12.9891116619,0.4185364697,-0.0001815849,1.2978371939
12.9990949631,0.4185364697,-0.0013706472,1.2978371939
13.0094096661,0.4185364697,-0.0013706472,1.2978371939
13.0189883709,0.4185364697,-0.0007552793,1.2978371939
13.0289537907,0.4185364697,-0.0007552793,1.2978371939
13.0392432213,0.4185364697,0.0010645376,1.2978371939
13.0492403507,0.4185364697,0.0010645376,1.2978371939
13.0591599941,0.4185364697,-0.0016636698,1.2978371939
13.0691668987,0.4185364697,-0.0016636698,1.2978371939
13.0790083408,0.4185364697,0.0001793176,1.2978371939
13.0892190933,0.4185364697,0.0001793176,1.2978371939
13.0990006924,0.4185364697,0.000572642,1.2978371939
13.1092126369,0.4185364697,0.000572642,1.2978371939
13.1190137863,0.4185364697,-0.0016945339,1.2978371939
13.1290912628,0.4185364697,-0.0016945339,1.2978371939
13.139197588,0.4185364697,0.0010252991,1.2978371939
13.1494181156,0.4185364697,0.0010252991,1.2978371939
13.1591699123,0.4185364697,0.0008262326,1.2978371939
13.1691222191,0.4185364697,0.0008262326,1.2978371939
13.1789414883,0.4185364697,0.0008262326,1.2978371939
13.1891922951,0.4185364697,0.0005185984,1.2978371939
13.1990888119,0.4185364697,0.0005185984,1.2978371939
13.2091505527,0.4185364697,0.0010607055,1.2978371939
13.2193026543,0.4185364697,0.0010607055,1.2978371939
13.2289664745,0.4185364697,0.0016410917,1.2978371939
13.2391693592,0.4185364697,0.0016410917,1.2978371939
13.2493402958,0.4185364697,-0.0006548056,1.2978371939
13.2590956688,0.4185364697,-0.0006548056,1.2978371939
13.269207716,0.4185364697,0.0008863537,1.2978371939
13.279276371,0.4185364697,0.0008863537,1.2978371939
13.2898976803,0.4185364697,-0.000004682,1.2978371939
13.2991161346,0.4185364697,-0.000004682,1.2978371939
13.3092622757,0.4185364697,-0.0004413398,1.2978371939
13.3192822933,0.4185364697,-0.0004413398,1.2978371939
13.3290989399,0.4185364697,-0.0013172489,1.2978371939
13.3391644955,0.4185364697,-0.0013172489,1.2978371939
13.3493452072,0.4185364697,-2.86238209810108E-005,1.2978371939
13.3589007854,0.4185364697,-2.86238209810108E-005,1.2978371939
13.3697724342,0.4185364697,-0.0011754893,1.2978371939
13.3791520596,0.4185364697,-0.0011754893,1.2978371939
13.3897311687,0.4185364697,-0.0023914359,1.2978371939
13.3991713524,0.4185364697,-0.0023914359,1.2978371939
13.4090886116,0.4185364697,-0.0023914359,1.2978371939
13.4192538261,0.4185364697,0.0007063365,1.2978371939
13.429125309,0.4185364697,0.0007063365,1.2978371939
13.4395298958,0.4185364697,0.0003773198,1.2978371939
13.449177742,0.4185364697,0.0003773198,1.2978371939
13.459325552,0.4185364697,-0.0012960843,1.2978371939
13.469712019,0.4185364697,-0.0012960843,1.2978371939
13.4793140888,0.4185364697,-0.0022770497,1.2978371939
13.4892315865,0.4185364697,-0.0022770497,1.2978371939
13.4990124702,0.4185364697,0.0007367274,1.2978371939
13.5095515251,0.4185364697,0.0007367274,1.2978371939
13.5192873478,0.4185364697,0.0016547936,1.2978371939
13.5293726921,0.4185364697,0.0016547936,1.2978371939
13.5397679806,0.4185364697,-0.0016869536,1.2978371939
13.5492174625,0.4185364697,-0.0016869536,1.2978371939
13.5591411591,0.4185364697,0.0021120992,1.2978371939
13.5692071915,0.4185364697,0.0021120992,1.2978371939
13.5790967941,0.4185364697,0.0026418113,1.2978371939
13.5891253948,0.4185364697,0.0026418113,1.2978371939
13.5992715359,0.4185364697,0.0021700896,1.2978371939
13.6091690063,0.4185364697,0.0021700896,1.2978371939
13.6191790104,0.4185364697,0.0008668651,1.2978371939
13.6292076111,0.4185364697,0.0008668651,1.2978371939
13.6391456127,0.4185364697,-0.0024674996,1.2978371939
13.6490950584,0.4185364697,-0.0024674996,1.2978371939
13.6591701508,0.4185364697,-0.0024674996,1.2978371939
13.6694486141,0.4185364697,5.62924906262197E-005,1.2978371939
13.6790158749,0.4185364697,5.62924906262197E-005,1.2978371939
13.6891722679,0.4185364697,-0.0009650611,1.2978371939
13.6989822388,0.4185364697,-0.0009650611,1.2978371939
13.7092642784,0.4185364697,0.0006717701,1.2978371939
13.7191586494,0.4185364697,0.0006717701,1.2978371939
13.7290711403,0.4185364697,-0.0013998399,1.2978371939
13.7398939133,0.4185364697,-0.0013998399,1.2978371939
13.7494564056,0.4185364697,6.80825251038186E-005,1.2978371939
13.7591955662,0.4185364697,6.80825251038186E-005,1.2978371939
13.7691640854,0.4185364697,-0.0016122516,1.2978371939
13.7797474861,0.4185364697,-0.0016122516,1.2978371939
13.7889373302,0.4185364697,0.0015552258,1.2978371939
13.7991437912,0.4185364697,0.0015552258,1.2978371939
13.8094878197,0.4185364697,-0.0008660926,1.2978371939
13.8189737797,0.4185364697,-0.0008660926,1.2978371939
13.8292646408,0.4185364697,0.0013276758,1.2978371939
13.8394982815,0.4185364697,0.0013276758,1.2978371939
13.849565506,0.4185364697,-0.0008814469,1.2978371939
13.8593158722,0.4185364697,-0.0008814469,1.2978371939
13.8691861629,0.4185364697,0.0011723913,1.2978371939
13.879183054,0.4185364697,0.0011723913,1.2978371939
13.889103651,0.4185364697,0.0011723913,1.2978371939
13.8991425037,0.4185364697,-0.0003628455,1.2978371939
13.9094700813,0.4185364697,-0.0003628455,1.2978371939
13.919123888,0.4185364697,-0.0024387515,1.2978371939
13.9296433926,0.4185364697,-0.0024387515,1.2978371939
13.93958354,0.4185364697,0.0010935953,1.2978371939
13.9492533207,0.4185364697,0.0010935953,1.2978371939
13.9591348171,0.4185364697,0.002062856,1.2978371939
13.9690995216,0.4185364697,0.002062856,1.2978371939
13.9792056084,0.4185364697,0.0001389647,1.2978371939
13.9893014431,0.4185364697,0.0001389647,1.2978371939
13.9992198944,0.4185364697,-0.000868651,1.2978371939
14.0090892315,0.4185364697,-0.000868651,1.2978371939
14.0192685127,0.4185364697,0.0012214208,1.2978371939
14.029132843,0.4185364697,0.0012214208,1.2978371939
14.0393893719,0.4185364697,-0.0007583443,1.2978371939
14.0490751266,0.4185364697,-0.0007583443,1.2978371939
14.0591881275,0.4185364697,-0.0013718929,1.2978371939
14.0691645145,0.4185364697,-0.0013718929,1.2978371939
14.0790987015,0.4185364697,-0.0016696063,1.2978371939
14.0893497467,0.4185364697,-0.0016696063,1.2978371939
14.0991866589,0.4185364697,0.0015087733,1.2978371939
14.1092514992,0.4185364697,0.0015087733,1.2978371939
14.1197481155,0.4185364697,0.0015087733,1.2978371939
14.1295180321,0.4185364697,0.0013290006,1.2978371939
14.1392118931,0.4185364697,0.0013290006,1.2978371939
14.1496863365,0.4185364697,-0.0017682018,1.2978371939
14.1591789722,0.4185364697,-0.0017682018,1.2978371939
14.1690666676,0.4185364697,0.0009561909,1.2978371939
14.1792695522,0.4185364697,0.0009561909,1.2978371939
14.1899619102,0.4185364697,0.0006690138,1.2978371939
14.1990022659,0.4185364697,0.0006690138,1.2978371939
14.2091443539,0.4185364697,0.0003716412,1.2978371939
14.2194056511,0.4185364697,0.0003716412,1.2978371939
14.2293560505,0.4185364697,0.0002360133,1.2978371939
14.2391912937,0.4185364697,0.0002360133,1.2978371939
14.2493674755,0.4185364697,-0.0023356043,1.2978371939
14.2593238354,0.4185364697,-0.0023356043,1.2978371939
14.2690944672,0.4185364697,-0.0004062704,1.2978371939
14.2797961235,0.4185364697,-0.0004062704,1.2978371939
14.2899188995,0.4185364697,-4.75858723802958E-005,1.2978371939
14.2991411686,0.4185364697,-4.75858723802958E-005,1.2978371939
14.3093574047,0.4185364697,-0.0005923806,1.2978371939
14.3191506863,0.4185364697,-0.0005923806,1.2978371939
14.3295872211,0.4185364697,0.0030183967,1.2978371939
14.3392851353,0.4185364697,0.0030183967,1.2978371939
14.3494884968,0.4185364697,0.0030183967,1.2978371939
14.3594648838,0.4185364697,0.0009328857,1.2978371939
14.3694403172,0.4185364697,0.0009328857,1.2978371939
14.3797180653,0.4185364697,0.0014971026,1.2978371939
14.3894023895,0.4185364697,0.0014971026,1.2978371939
14.3992142677,0.4185364697,-5.22241280123126E-005,1.2978371939
14.4092571735,0.4185364697,-5.22241280123126E-005,1.2978371939
14.4194955826,0.4185364697,-0.0009936028,1.2978371939
14.4289381504,0.4185364697,-0.0009936028,1.2978371939
14.4392333031,0.4185364697,0.0002318174,1.2978371939
14.449514389,0.4185364697,0.0002318174,1.2978371939
14.4591324329,0.4185364697,-0.0002142352,1.2978371939
14.4692525864,0.4185364697,-0.0002142352,1.2978371939
14.4792439938,0.4185364697,-0.0029800697,1.2978371939
14.4904425144,0.4185364697,-0.0029800697,1.2978371939
14.4991996288,0.4185364697,0.0013219127,1.2978371939
14.5094735622,0.4185364697,0.0013219127,1.2978371939
14.519272089,0.4185364697,0.0007217423,1.2978371939
14.529232502,0.4185364697,0.0007217423,1.2978371939
14.5392012596,0.4185364697,-8.9424938778393E-005,1.2978371939
14.5493559837,0.4185364697,-8.9424938778393E-005,1.2978371939
14.5594892502,0.4185364697,-0.0009500644,1.2978371939
14.5690441132,0.4185364697,-0.0009500644,1.2978371939
14.5791451931,0.4185364697,-0.0009500644,1.2978371939
14.5897712708,0.4185364697,-7.05616275809007E-006,1.2978371939
14.5993227959,0.4185364697,-7.05616275809007E-006,1.2978371939
14.6090533733,0.4185364697,-0.0011501618,1.2978371939
14.6191055775,0.4185364697,-0.0011501618,1.2978371939
14.6296377182,0.4185364697,-0.0009586333,1.2978371939
14.6392650604,0.4185364697,-0.0009586333,1.2978371939
14.649430275,0.4185364697,-0.0005607843,1.2978371939
14.6591727734,0.4185364697,-0.0005607843,1.2978371939
14.6697154045,0.4185364697,-0.0010437773,1.2978371939
14.679469347,0.4185364697,-0.0010437773,1.2978371939
14.6891827583,0.4185364697,0.0003886929,1.2978371939
14.6991734505,0.4185364697,0.0003886929,1.2978371939
14.7093191147,0.4185364697,0.0016312026,1.2978371939
14.7192316055,0.4185364697,0.0016312026,1.2978371939
14.7291145325,0.4185364697,-0.0019225087,1.2978371939
14.7393183708,0.4185364697,-0.0019225087,1.2978371939
14.7494447231,0.4185364697,-0.0002731663,1.2978371939
14.7598302364,0.4185364697,-0.0002731663,1.2978371939
14.7692015171,0.4185364697,-0.0003635789,1.2978371939
14.7794735432,0.4185364697,-0.0003635789,1.2978371939
14.7893755436,0.4185364697,-0.0024138901,1.2978371939
14.7995955944,0.4185364697,-0.0024138901,1.2978371939
14.8089592457,0.4185364697,-0.0024138901,1.2978371939
14.8193650246,0.4185364697,-0.0008740688,1.2978371939
14.8289937973,0.4185364697,-0.0008740688,1.2978371939
14.8397266865,0.4185364697,0.00303854,1.2978371939
14.8490433693,0.4185364697,0.00303854,1.2978371939
14.8594377041,0.4185364697,0.0014187169,1.2978371939
14.8689370155,0.4185364697,0.0014187169,1.2978371939
14.878985405,0.4185364697,-0.0015773637,1.2978371939
14.8892359734,0.4185364697,-0.0015773637,1.2978371939
14.8990285397,0.4185364697,0.0013486344,1.2978371939
14.9091897011,0.4185364697,0.0013486344,1.2978371939
14.9191470146,0.4185364697,0.0010684236,1.2978371939
14.9289548397,0.4185364697,0.0010684236,1.2978371939
14.9392459393,0.4185364697,-0.0007609704,1.2978371939
14.9492573738,0.4185364697,-0.0007609704,1.2978371939
14.9590785503,0.4185364697,0.0022979472,1.2978371939
14.9691467285,0.4185364697,0.0022979472,1.2978371939
14.979165554,0.4185364697,0.0006482022,1.2978371939
14.9891831875,0.4185364697,0.0006482022,1.2978371939
14.9990782738,0.4185364697,-0.0004226594,1.2978371939
15.009083271,0.4185364697,-0.0004226594,1.2978371939
15.0190253258,0.4185364697,-0.0015888701,1.2978371939
15.0292818546,0.4185364697,-0.0015888701,1.2978371939
15.0391259193,0.4185364697,-0.0015888701,1.2978371939
15.0491676331,0.4185364697,-0.0008868036,1.2978371939
15.0598351955,0.4185364697,-0.0008868036,1.2978371939
15.0690484047,0.4185364697,0.0007186926,1.2978371939
15.0791928768,0.4185364697,0.0007186926,1.2978371939
15.0892655849,0.4185364697,-0.0005915239,1.2978371939
15.0991625786,0.4185364697,-0.0005915239,1.2978371939
15.1094329357,0.4185364697,0.0014789511,1.2978371939
